cap_Seg,cap_Ter,cap_Qua,cap_Sab,bank_min,mean_profit,sd_profit,p_neg,mean_stake,mean_roi_turn,sharpe_ann_bank,sharpe_ann_turn
200,200,200,200,4000.0,2007.9981530333332,1584.907333995848,0.09433333333333334,39649.29953333333,0.05385213011944088,4.388843117773484,4.164307670373565
200,200,200,300,6000.0,2199.2849023666663,1813.8896348035378,0.1097,44147.272033333335,0.053308585929147466,4.200115727141036,4.056112265051021
200,200,200,400,8000.0,2442.2827691000007,2062.892164073202,0.1166,47069.363033333335,0.05531877068312133,4.101191440059298,4.011112247512086
200,200,200,500,10000.0,2636.499708766666,2318.970394366559,0.12756666666666666,49393.35996666666,0.056808916438277415,3.938430141943917,3.8864041281479214
200,200,200,700,14000.0,2761.4753825333332,2738.5943081684472,0.15833333333333333,52547.0439,0.056099561194402965,3.4930443345566444,3.503946056163027
200,200,200,1000,20000.0,2606.061367333333,3038.142253277118,0.19533333333333333,55130.39176666667,0.05135639725025045,2.9714413082500455,3.0172460383080333
200,200,300,200,6000.0,2090.4269019333333,1636.371381188513,0.09213333333333333,42022.6576,0.05265099845551121,4.425310348592832,4.186642976464773
200,200,300,300,6000.0,2281.7136512666666,1863.240422396083,0.10566666666666667,46520.6301,0.052159550696979924,4.242119186352909,4.084051062621865
200,200,300,400,8000.0,2524.7115179999996,2106.2384041312366,0.11313333333333334,49442.7211,0.05411259742955827,4.152358645681474,4.048864697894997
200,200,300,500,10000.0,2718.9284576666664,2356.899548026012,0.1237,51766.71803333333,0.05556138433532113,3.9962010555501006,3.9322855602568954
200,200,300,700,14000.0,2843.904131433333,2762.193494762649,0.1522,54920.401966666665,0.05492048338935033,3.566575952653046,3.564949927948153
200,200,300,1000,20000.0,2688.490116233333,3045.3909080491926,0.18973333333333334,57503.749833333335,0.05037625807515554,3.0581305438688666,3.0905727254956483
200,200,400,200,8000.0,2317.8948046,1690.3161211849495,0.0754,43734.614233333334,0.05565493796746872,4.750249397553792,4.484045427155042
200,200,400,300,8000.0,2509.1815539333334,1912.5380940471857,0.08823333333333333,48232.58673333333,0.05484287680930255,4.544777382844574,4.360601301161682
200,200,400,400,8000.0,2752.179420666667,2150.957708609574,0.09416666666666666,51154.67773333333,0.05656622509123857,4.432364773198244,4.30824208001747
200,200,400,500,10000.0,2946.3963603333327,2397.580266440056,0.10493333333333334,53478.674666666666,0.057850400847679735,4.257048881129453,4.176623820871682
200,200,400,700,14000.0,3071.3720340999994,2790.3955987584145,0.13326666666666667,56632.3586,0.057090814792179555,3.8129162864035475,3.796079804875528
200,200,400,1000,20000.0,2915.9580188999994,3060.916357835594,0.1719,59215.70646666667,0.052562318377358,3.3000492996443787,3.3147832473497423
200,200,500,200,10000.0,2537.253924933333,1776.3828727696202,0.06653333333333333,45221.83476666667,0.05851530483744159,4.947866563063882,4.684175757315378
200,200,500,300,10000.0,2728.540674266666,1991.5453546239526,0.07693333333333334,49719.80726666666,0.057422524403627266,4.746034095960095,4.557521737169292
200,200,500,400,10000.0,2971.5385410000004,2223.4470727466946,0.0821,52641.89826666666,0.058946871207186606,4.629618390963558,4.499951214599265
200,200,500,500,10000.0,3165.7554806666667,2464.398389900845,0.09066666666666667,54965.8952,0.06008708794299828,4.449969906915024,4.3639065948490385
200,200,500,700,14000.0,3290.731154433333,2842.431694792068,0.11853333333333334,58119.57913333333,0.059218502553083814,4.010448915251959,3.984550238688551
200,200,500,1000,20000.0,3135.317139233333,3100.0444495593592,0.1564,60702.927,0.054690870836113514,3.50351659232856,3.5050295436230985
200,200,700,200,14000.0,2803.4522465333334,1925.281615528173,0.06276666666666667,47205.0485,0.06192794967828598,5.044167760628355,4.781581699403548
200,200,700,300,14000.0,2994.7389958666663,2121.294469609294,0.06863333333333334,51703.021,0.06051395218928897,4.890447951060969,4.69093475986998
200,200,700,400,14000.0,3237.7368625999998,2334.1537946896037,0.0726,54625.112,0.06179067777966354,4.805103040185572,4.656828212664061
200,200,700,500,14000.0,3431.953802266666,2558.627363563399,0.07816666666666666,56949.10893333334,0.06275032666959897,4.6464900980941675,4.539346472270889
200,200,700,700,14000.0,3556.929476033333,2911.35365663914,0.1029,60102.79286666666,0.0617369208915235,4.232246094444651,4.183347833186078
200,200,700,1000,20000.0,3401.515460833333,3142.879923400091,0.13736666666666666,62686.14073333333,0.05720439907082682,3.7491712979735063,3.7237208378025017
200,200,1000,200,20000.0,2699.2754152,2237.9020055190244,0.11256666666666666,48826.90263333333,0.05845124617375872,4.1782724634215285,4.015566907482469
200,200,1000,300,20000.0,2890.5621645333335,2388.126369942711,0.10796666666666667,53324.875133333335,0.057294848248489065,4.192910889827078,4.05272003890155
200,200,1000,400,20000.0,3133.560031266667,2555.1765881028095,0.102,56246.966133333335,0.058656834576399204,4.248227075961772,4.122952547517842
200,200,1000,500,20000.0,3327.776970933333,2740.3453933990922,0.10293333333333334,58570.96306666666,0.059675546938275266,4.206680518301194,4.100109895285719
200,200,1000,700,20000.0,3452.7526446999996,3046.784801987965,0.12033333333333333,61724.647,0.05878715497400112,3.925674699890954,3.8617553796683217
200,200,1000,1000,20000.0,3297.3386294999996,3238.499061017872,0.15053333333333332,64307.99486666667,0.05442971348462837,3.5270401062018473,3.486218762569134
300,200,200,200,6000.0,2188.6990773999996,1630.652944369497,0.08326666666666667,40511.4985,0.05712481443140508,4.649595142394592,4.40795975284074
300,200,200,300,6000.0,2379.985826733333,1819.9263439569866,0.09236666666666667,45009.471,0.056303935310281515,4.530135394637026,4.341531273029817
300,200,200,400,8000.0,2622.983693466667,2046.5633195993044,0.0984,47931.562,0.05813908875931434,4.439775677596367,4.304748651591328
300,200,200,500,10000.0,2817.2006331333328,2287.838712213902,0.10793333333333334,50255.558933333334,0.05950648767550894,4.265628171821867,4.173549781964378
300,200,200,700,14000.0,2942.1763068999994,2690.865206933278,0.13646666666666665,53409.24286666667,0.05868480465134509,3.787628481163473,3.7680008043827677
300,200,200,1000,20000.0,2786.7622916999994,2986.186611764586,0.1755,55992.59073333333,0.0539134269260996,3.2327610463628975,3.2509051914225937
300,200,300,200,6000.0,2271.1278263,1681.2407327378746,0.08053333333333333,42884.85656666667,0.05577653687073054,4.679530669268379,4.427026482340199
300,200,300,300,6000.0,2462.4145756333332,1869.5888581313184,0.09063333333333333,47382.829066666665,0.055032945037120445,4.562529494915847,4.36601266867969
300,200,300,400,8000.0,2705.4124423666667,2090.6694842057423,0.0952,50304.920066666666,0.056825069027892305,4.482690201400514,4.339999034984492
300,200,300,500,10000.0,2899.629382033333,2326.6540566354706,0.10513333333333333,52628.917,0.058160636634577094,4.3171913748655335,4.2182332696290015
300,200,300,700,14000.0,3024.6050557999997,2715.2036785990203,0.1311,55782.600933333335,0.05741534459189508,3.8588409928631044,3.8299801789613452
300,200,300,1000,20000.0,2869.1910405999993,2993.8552484347133,0.16983333333333334,58365.9488,0.05284504121687842,3.319856336767704,3.3268901220821525
300,200,400,200,8000.0,2498.5957289666662,1736.529745808067,0.06696666666666666,44596.8132,0.05861638724591459,4.984302469441474,4.711780612809638
300,200,400,300,8000.0,2689.8824782999995,1921.1994826862692,0.07593333333333334,49094.7857,0.05757963789371949,4.850108654298135,4.634474981802555
300,200,400,400,8000.0,2932.880345033334,2137.939570164009,0.08053333333333333,52016.8767,0.05915679148132639,4.752143457196196,4.594166562536574
300,200,400,500,10000.0,3127.0972846999994,2369.861307775237,0.0883,54340.873633333336,0.06033775971437349,4.570977516313601,4.459642481877224
300,200,400,700,14000.0,3252.0729584666665,2745.6207996795915,0.114,57494.55756666667,0.05948344872043943,4.103083422621527,4.06128539052851
300,200,400,1000,20000.0,3096.658943266666,3011.2257105224153,0.15226666666666666,60077.90543333333,0.05493323605430596,3.562383653080521,3.5528279551416677
300,200,500,200,10000.0,2717.9548492999998,1823.4600753938937,0.059,46084.03373333333,0.06134037995394453,5.163409887818786,4.899212167598423
300,200,500,300,10000.0,2909.241598633333,2002.638748742356,0.06656666666666666,50582.00623333333,0.060044748700800135,5.032314753212746,4.820170486944476
300,200,500,400,10000.0,3152.2394653666665,2213.3655355814417,0.07053333333333334,53504.097233333334,0.061434719319465925,4.9335175992107825,4.776686780176291
300,200,500,500,10000.0,3346.456405033333,2439.7160645372282,0.0778,55828.09416666667,0.062479820290451925,4.751563186457496,4.640004100827156
300,200,500,700,14000.0,3471.4320787999995,2800.472725267849,0.10086666666666666,58981.7781,0.061524394669641665,4.294058414677805,4.246492078432263
300,200,500,1000,20000.0,3316.018063599999,3052.8102605037966,0.13716666666666666,61565.12596666667,0.05697871653875949,3.762770218168441,3.7420322285080365
300,200,700,200,14000.0,2984.1531708999996,1971.6600258575863,0.05586666666666667,48067.24746666667,0.06459191997127481,5.24299812521523,4.979948765987053
300,200,700,300,14000.0,3175.439920233333,2134.35299513056,0.0601,52565.219966666664,0.06300015280940911,5.153808475706387,4.934484516284508
300,200,700,400,14000.0,3418.4377869666664,2326.9738865413733,0.0614,55487.310966666664,0.06415664560470602,5.088933712393258,4.916595544906637
300,200,700,500,14000.0,3612.654726633333,2537.08345538302,0.06723333333333334,57811.3079,0.065030894071261,4.932673005656514,4.802046287925607
300,200,700,700,14000.0,3737.6304004,2872.3636750983374,0.08813333333333333,60964.99183333333,0.0639402746367511,4.507622631166417,4.437524607383758
300,200,700,1000,20000.0,3582.2163852,3098.1175789328163,0.12073333333333333,63548.3397,0.05939417778352877,4.005387545691126,3.9572399025306653
300,200,1000,200,20000.0,2879.976339566667,2281.9265716934847,0.10106666666666667,49689.1016,0.06110342407018748,4.371977088661327,4.198802553695064
300,200,1000,300,20000.0,3071.2630888999997,2403.532727812191,0.09663333333333333,54187.0741,0.059770970076329547,4.426470795950314,4.266014223123477
300,200,1000,400,20000.0,3314.260955633333,2552.1971831328096,0.0898,57109.1651,0.061014798779556394,4.498452080926065,4.350107252124729
300,200,1000,500,20000.0,3508.4778953,2723.593376946571,0.09053333333333333,59433.162033333334,0.06194957157943961,4.462385628727523,4.3327310531824335
300,200,1000,700,20000.0,3633.4535690666667,3012.5803112023295,0.10583333333333333,62586.84596666667,0.060984347994006656,4.178030484474787,4.092260359205789
300,200,1000,1000,20000.0,3478.0395538666667,3197.931209706606,0.1335,65170.19383333333,0.056611966430330014,3.7675239540777623,3.7034756891655163
400,200,200,200,8000.0,2158.6729953999998,1694.9028616693822,0.09713333333333334,40980.6953,0.055687034394824315,4.411971198487522,4.22377540986194
400,200,200,300,8000.0,2349.959744733333,1842.451954727449,0.09823333333333334,45478.6678,0.05503375151772061,4.418296675987763,4.247959131061527
400,200,200,400,8000.0,2592.957611466667,2045.1554488139886,0.10106666666666667,48400.7588,0.05695325099499626,4.3919735563740865,4.257238758242915
400,200,200,500,10000.0,2787.1745511333324,2271.228320511034,0.10743333333333334,50724.75573333333,0.05838036095096968,4.251028299118517,4.152266303146638
400,200,200,700,14000.0,2912.150224899999,2657.918009018194,0.1346,53878.439666666665,0.057650755051763355,3.795446008256009,3.7664603854809786
400,200,200,1000,20000.0,2756.7362096999996,2955.619120135683,0.1741,56461.787533333336,0.052967624096935055,3.231003038068081,3.242902532051921
400,200,300,200,8000.0,2241.1017443,1734.6614311494325,0.09356666666666667,43354.05336666667,0.05443153606634347,4.475457880546426,4.269418708006089
400,200,300,300,8000.0,2432.3884936333334,1883.261267133528,0.09626666666666667,47852.02586666666,0.05383780447203562,4.474175228093985,4.292215217451146
400,200,300,400,8000.0,2675.3863603666664,2081.814466915721,0.0972,50774.11686666666,0.055705416156533495,4.451794508755751,4.308117615536274
400,200,300,500,10000.0,2869.6033000333327,2303.563414328192,0.10406666666666667,53098.1138,0.05709480679328554,4.315313120802087,4.2095363864770015
400,200,300,700,14000.0,2994.5789738,2676.7362198847836,0.12863333333333332,56251.79773333333,0.05643341967988919,3.875438223137524,3.837541238761341
400,200,300,1000,20000.0,2839.1649585999994,2958.100124302068,0.16816666666666666,58835.1456,0.05194458853699715,3.324821846944506,3.325593943029146
400,200,400,200,8000.0,2468.569646966666,1782.5948529311443,0.07726666666666666,45066.01,0.05730033005089333,4.797150674521541,4.567594765629009
400,200,400,300,8000.0,2659.8563963,1929.2348033431724,0.08086666666666667,49563.9825,0.05640778136034937,4.775993478082785,4.57316381015625
400,200,400,400,8000.0,2902.8542630333336,2124.4922123800593,0.0832,52486.0735,0.05805746851212002,4.733263827697367,4.573593913173321
400,200,400,500,10000.0,3097.0712026999995,2342.8522990114393,0.09076666666666666,54810.070433333334,0.05929028747624799,4.579276875455012,4.4609634750251805
400,200,400,700,14000.0,3222.0468764666666,2703.82105963368,0.11286666666666667,57963.75436666667,0.05851673124406037,4.128046029173958,4.077173392571977
400,200,400,1000,20000.0,3066.6328612666666,2972.254421957686,0.15063333333333334,60547.10223333333,0.054044961692778073,3.5740977519520047,3.557987334397582
400,200,500,200,10000.0,2687.9287673,1862.7396624003875,0.0678,46553.230533333335,0.060045060672912744,4.998690140188656,4.7708324239257704
400,200,500,300,10000.0,2879.215516633333,2006.0371342087758,0.07073333333333333,51051.20303333333,0.05888958199891587,4.971939427947396,4.770350995932481
400,200,500,400,10000.0,3122.213383366666,2196.440780124472,0.07293333333333334,53973.29403333333,0.06035000274139019,4.924177570365571,4.765359757085535
400,200,500,500,10000.0,3316.430323033333,2409.8988161658735,0.07926666666666667,56297.29096666667,0.06144556542967204,4.767192531672185,4.649103631347355
400,200,500,700,14000.0,3441.4059967999997,2756.364595542135,0.10083333333333333,59450.9749,0.0605685899103667,4.325037439219784,4.268882667128693
400,200,500,1000,20000.0,3285.9919815999997,3011.5029648792774,0.13553333333333334,62034.322766666664,0.056099085248492206,3.779843574301969,3.752596219172056
400,200,700,200,14000.0,2954.1270888999998,2001.4134806077093,0.06263333333333333,48536.444266666665,0.06332168901755786,5.113084587035666,4.879231538688428
400,200,700,300,14000.0,3145.4138382333326,2131.315554570116,0.0641,53034.41676666667,0.061865338263180185,5.112350976811808,4.901164289704344
400,200,700,400,14000.0,3388.411704966667,2305.123171244665,0.06303333333333333,55956.50776666667,0.06309008521207009,5.092050006850092,4.917097439081254
400,200,700,500,14000.0,3582.628644633333,2503.120162446147,0.06833333333333333,58280.5047,0.06401333857965898,4.958047903775023,4.820710071715383
400,200,700,700,14000.0,3707.6043183999996,2824.6754928810797,0.08753333333333334,61434.18863333333,0.06299867525250179,4.546900392639853,4.4678641089014155
400,200,700,1000,20000.0,3552.1903031999996,3053.0726183963397,0.1187,64017.5365,0.058526167808897904,4.030414505192872,3.9750086462918075
400,200,1000,200,20000.0,2849.9502575666666,2305.167282144474,0.1058,50158.2984,0.05990655450115343,4.282776944983639,4.127850155092518
400,200,1000,300,20000.0,3041.2370069,2398.417710964684,0.09943333333333333,54656.2709,0.058697813037269876,4.3925434587378795,4.238578181466838
400,200,1000,400,20000.0,3284.2348736333333,2529.9981195308583,0.09186666666666667,57578.3619,0.06000408346157652,4.496810982750695,4.347583441277695
400,200,1000,500,20000.0,3478.4518132999997,2689.8278064382557,0.092,59902.35883333333,0.06098391705305695,4.479733057926501,4.34549418785329
400,200,1000,700,20000.0,3603.427487066667,2965.1902715976767,0.10566666666666667,63056.042766666666,0.060089374157771096,4.209726133781506,4.116543878384829
400,200,1000,1000,20000.0,3448.0134718666664,3152.471817415587,0.1312,65639.39063333333,0.05578630871241973,3.7888583082408105,3.7185521239611288
500,200,200,200,10000.0,2114.6475754,1785.0194757967133,0.11586666666666667,41371.628633333334,0.05416410726922414,4.103795045777148,3.9667119589716373
500,200,200,300,10000.0,2305.934324733333,1894.6275227091687,0.10876666666666666,45869.60113333333,0.05367022929367404,4.216127298355787,4.072844247276244
500,200,200,400,10000.0,2548.932191466666,2072.904074177988,0.1064,48791.69213333333,0.05566811888872139,4.259608648237978,4.133707687176832
500,200,200,500,10000.0,2743.149131133333,2282.3594739017735,0.11176666666666667,51115.689066666666,0.05714997285477953,4.163475317706097,4.064606958079437
500,200,200,700,14000.0,2868.1248049,2650.3239783724753,0.1362,54269.373,0.05650375060968966,3.748777828728688,3.714582448500061
500,200,200,1000,20000.0,2712.7107896999996,2947.3802475674506,0.1753,56852.72086666667,0.05189801449814816,3.188290969839082,3.1978862228807197
500,200,300,200,10000.0,2197.0763242999997,1815.5659150913805,0.1105,43744.9867,0.053000609547903574,4.192023864473949,4.031192524096256
500,200,300,300,10000.0,2388.363073633333,1927.5081679357827,0.10496666666666667,48242.9592,0.05254992334193933,4.292346210791385,4.132421253295389
500,200,300,400,10000.0,2631.3609403666665,2102.8201203230474,0.1032,51165.0502,0.05448791853145645,4.33479858568893,4.1968775611042135
500,200,300,500,10000.0,2825.5778800333333,2308.835546524451,0.10766666666666666,53489.04713333333,0.05592674881356348,4.239404973063257,4.131720821956599
500,200,300,700,14000.0,2950.5535538,2664.2515518174405,0.13066666666666665,56642.73106666667,0.055341407723365696,3.8363559643220144,3.7924532619838756
500,200,300,1000,20000.0,2795.1395386,2945.395182090298,0.1689,59226.07893333333,0.05092402117234239,3.2873848131061454,3.2851354553570533
500,200,400,200,10000.0,2424.544226966667,1856.2349876554558,0.0924,45456.943333333336,0.05590350101913494,4.524679056511297,4.335412308750316
500,200,400,300,10000.0,2615.8309763,1967.560995745693,0.08933333333333333,49954.91583333333,0.05514812860467062,4.60545026533927,4.420454136895271
500,200,400,400,10000.0,2858.828843033333,2140.584675413426,0.08883333333333333,52877.00683333333,0.05686526738694874,4.626433948772187,4.469414178826834
500,200,400,500,10000.0,3053.0457826999996,2343.930178231026,0.09413333333333333,55201.00376666667,0.05814558261263081,4.51210574664915,4.389689797158595
500,200,400,700,14000.0,3178.0214564666658,2687.880665396548,0.11506666666666666,58354.6877,0.05744506335277705,4.09578795741084,4.037544373210267
500,200,400,1000,20000.0,3022.6074412666662,2956.353732303915,0.15196666666666667,60938.035566666666,0.053041989012872846,3.541734267049092,3.521500563718709
500,200,500,200,10000.0,2643.9033472999995,1928.934065790322,0.07996666666666667,46944.16386666667,0.058673753300983594,4.748088604001882,4.552078262724815
500,200,500,300,10000.0,2835.190096633333,2038.763838692702,0.0792,51442.136366666666,0.05765113552221594,4.817324305333851,4.628154804313278
500,200,500,400,10000.0,3078.1879633666663,2208.1692311352213,0.07846666666666667,54364.227366666666,0.05917688532067972,4.82895773804172,4.669658031684279
500,200,500,500,10000.0,3272.404903033333,2407.4234671498593,0.08336666666666667,56688.2243,0.06031853859593337,4.708744956865881,4.584728840128239
500,200,500,700,14000.0,3397.3805767999997,2737.6310184243935,0.10356666666666667,59841.908233333335,0.059512361771167796,4.2989254081815345,4.23445311650883
500,200,500,1000,20000.0,3241.9665615999997,2992.97591198529,0.1377,62425.2561,0.055109464674884534,3.7522859964521986,3.72003007308549
500,200,700,200,14000.0,2910.1016689000003,2057.738835033899,0.07196666666666666,48927.3776,0.06198370324053302,4.899012313817506,4.6898158854198195
500,200,700,300,14000.0,3101.388418233333,2156.9711662074887,0.07096666666666666,53425.3501,0.060654766124794215,4.980838314895743,4.777921151971423
500,200,700,400,14000.0,3344.3862849666666,2311.470895319495,0.0678,56347.4411,0.06194233127646715,5.012087305471457,4.834516364953758
500,200,700,500,14000.0,3538.603224633333,2496.263529003323,0.0717,58671.43803333333,0.06291001438209197,4.9105717418698385,4.7659575262898635
500,200,700,700,14000.0,3663.5788983999996,2802.4123647539327,0.08976666666666666,61825.121966666666,0.06196351597883915,4.528601764232644,4.440144947946098
500,200,700,1000,20000.0,3508.164883199999,3031.1141067288295,0.12,64408.469833333336,0.0575551091347202,4.00929797102814,3.9477025005542483
500,200,1000,200,20000.0,2805.924837566666,2354.0679957742946,0.1149,50549.231733333334,0.058640335860364316,4.129026340453156,3.991540224873
500,200,1000,300,20000.0,2997.2115869,2421.0809305304333,0.1057,55047.20423333333,0.05754808568883887,4.288433884287856,4.142569536325881
500,200,1000,400,20000.0,3240.2094536333334,2535.6265670127345,0.09616666666666666,57969.29523333333,0.058911761685106104,4.426682914487496,4.278300733476253
500,200,1000,500,20000.0,3434.4263932999997,2683.300472195986,0.09583333333333334,60293.292166666666,0.05993236334264818,4.433794179734823,4.29632085062909
500,200,1000,700,20000.0,3559.4020670666664,2943.8552114584913,0.10773333333333333,63446.9761,0.059101118744537974,4.1884296488010735,4.088970739715093
500,200,1000,1000,20000.0,3403.9880518666664,3131.083775886494,0.133,66030.32396666666,0.05485831721032434,3.7660316211253,3.6916015880422037
700,200,200,200,14000.0,2086.7569432666664,1925.8293017311573,0.1371,41925.6,0.052905210142486,3.753571560611295,3.676306201610078
700,200,200,300,14000.0,2278.0436925999998,1994.0926864352928,0.121,46423.5725,0.05253933383229528,3.9573761483459027,3.8555791088793594
700,200,200,400,14000.0,2521.041559333333,2140.0210869798875,0.11533333333333333,49345.6635,0.05458853068613783,4.080868263705142,3.9748050787958875
700,200,200,500,14000.0,2715.2584989999996,2325.3910774586284,0.1167,51669.66043333333,0.056106564812046074,4.04488150104281,3.9520402178078626
700,200,200,700,14000.0,2840.2341727666667,2664.2369571280556,0.1373,54823.344366666664,0.055525635141138355,3.692937206252241,3.653753557145719
700,200,200,1000,20000.0,2684.820157566666,2954.8370147133783,0.1761,57406.692233333335,0.05099198637683299,3.1475474951308757,3.1529087729771517
700,200,300,200,14000.0,2169.1856921666663,1944.9960967263955,0.12993333333333335,44298.958066666666,0.05181653786540081,3.863390611639515,3.7579560766742626
700,200,300,300,14000.0,2360.4724415,2016.5034548825765,0.1183,48796.93056666667,0.05148164506743691,4.0549974646904134,3.9312485061887754
700,200,300,400,14000.0,2603.4703082333335,2160.744701304826,0.11103333333333333,51719.02156666667,0.053465765019496805,4.173878429167543,4.051718958859824
700,200,300,500,14000.0,2797.6872478999994,2343.7591023218333,0.1127,54043.0185,0.05493728328071952,4.1350123843785305,4.030542996549982
700,200,300,700,14000.0,2922.6629216666665,2671.4011227367305,0.13286666666666666,57196.70243333333,0.054411627254819975,3.789921798444381,3.739609790937142
700,200,300,1000,20000.0,2767.2489064666665,2946.789862249565,0.17076666666666668,59780.0503,0.05006107524797948,3.2530420744224475,3.2454406037641905
700,200,400,200,14000.0,2396.6535948333335,1975.833748953607,0.1103,46010.9147,0.05472939270632081,4.20189785359456,4.064398479081272
700,200,400,300,14000.0,2587.9403441666664,2047.8953019972714,0.10113333333333334,50508.8872,0.05408853798264686,4.377610670508705,4.2245227329227
700,200,400,400,14000.0,2830.9382109,2191.0382032873713,0.09726666666666667,53430.9782,0.055851653517828545,4.475804033914263,4.330733118854551
700,200,400,500,14000.0,3025.155150566666,2372.3562715393778,0.09843333333333333,55754.97513333333,0.05716456037488285,4.417314957639298,4.295124175926486
700,200,400,700,14000.0,3150.1308243333324,2689.689675125834,0.1167,58908.65906666667,0.0565226540805907,4.057112378943047,3.9905675000498873
700,200,400,1000,20000.0,2994.7168091333324,2952.9350744558983,0.1526,61492.00693333333,0.05218467415169962,3.513115958809373,3.4860779718474406
700,200,500,200,14000.0,2616.012715166666,2037.7293293340135,0.0959,47498.135233333334,0.05750754979051118,4.447172517653025,4.2943584786957905
700,200,500,300,14000.0,2807.2994644999994,2110.0664447541844,0.09033333333333333,51996.10773333333,0.05659835764449831,4.608750891862415,4.444456112914814
700,200,500,400,14000.0,3050.2973312333334,2251.177586139333,0.08606666666666667,54918.19873333333,0.05816996220256767,4.6937833677959215,4.541622694320803
700,200,500,500,14000.0,3244.5142708999997,2429.6083767199584,0.0878,57242.19566666667,0.059344137540516324,4.625983032432412,4.499080948983366
700,200,500,700,14000.0,3369.4899446666664,2734.5191872537957,0.10546666666666667,60395.8796,0.058595726197621385,4.2684855216658235,4.19413033524738
700,200,500,1000,20000.0,3214.0759294666664,2985.1208499024965,0.1381,62979.22746666666,0.05425653874795477,3.7297939273729996,3.689480197094831
700,200,700,200,14000.0,2882.211036766666,2156.464664498738,0.0847,49481.348966666665,0.06083729274147894,4.629926041450847,4.458567464212269
700,200,700,300,14000.0,3073.4977860999998,2221.000578507439,0.08006666666666666,53979.32146666667,0.05961886248911864,4.793744201591463,4.6123116080143
700,200,700,400,14000.0,3316.4956528333337,2349.294238165204,0.07546666666666667,56901.41246666667,0.06095151401557021,4.890267792317889,4.718594795807097
700,200,700,500,14000.0,3510.7125924999996,2514.5849094511373,0.0772,59225.4094,0.06195122079640523,4.83637085240371,4.6885471916176185
700,200,700,700,14000.0,3635.6882662666662,2796.6020812959473,0.09306666666666667,62379.09333333333,0.06106102067973314,4.503462855707914,4.4049618117758635
700,200,700,1000,20000.0,3480.274251066666,3020.7931000603553,0.12093333333333334,64962.4412,0.05671430704993276,3.991012709212524,3.920968627377664
700,200,1000,200,20000.0,2778.034205433333,2448.492606529583,0.1272,51103.2031,0.05757645924082823,3.9303336070062436,3.822075165395357
700,200,1000,300,20000.0,2969.320954766667,2485.8360785728073,0.114,55601.1756,0.05658274383010072,4.137855107958328,4.012342779361842
700,200,1000,400,20000.0,3212.3188215000005,2577.424486650219,0.10373333333333333,58523.2666,0.05798589139121301,4.317410219206047,4.179671088569394
700,200,1000,500,20000.0,3406.5357611666664,2707.274693150051,0.1014,60847.26353333333,0.05903468590896355,4.358843253748806,4.224861330214004
700,200,1000,700,20000.0,3531.5114349333326,2944.686880551251,0.11203333333333333,64000.947466666665,0.05825450057044949,4.154436434796717,4.051090276592693
700,200,1000,1000,20000.0,3376.097419733333,3127.083787885705,0.13543333333333332,66584.29533333333,0.054069077291454264,3.739952402256547,3.6617392854844786
1000,200,200,200,20000.0,1957.6261432666665,2159.5599603295723,0.17723333333333333,42610.01,0.04948427481408041,3.1401841158839754,3.1464541225717557
1000,200,200,300,20000.0,2148.9128925999994,2185.2542510079043,0.1537,47107.9825,0.049417431551696804,3.406492685513635,3.3811303954592042
1000,200,200,400,20000.0,2391.9107593333333,2290.307215112831,0.13796666666666665,50030.0735,0.05160993212556013,3.6177775060031743,3.5656773919333355
1000,200,200,500,20000.0,2586.1276989999997,2442.521424137587,0.13293333333333332,52354.070433333334,0.05323016918405815,3.667770956081385,3.6097001356303626
1000,200,200,700,20000.0,2711.103372766667,2735.891040117272,0.14893333333333333,55507.75436666667,0.052804576752278856,3.432716228349452,3.4073717442087563
1000,200,200,1000,20000.0,2555.6893575666654,3011.166367407155,0.18606666666666666,58091.10223333333,0.04841735877789697,2.9401124186174785,2.9583719916116173
1000,200,300,200,20000.0,2040.0548921666661,2168.6335626017744,0.1715,44983.36806666667,0.04856218632974546,3.2587144129807655,3.2363211519869095
1000,200,300,300,20000.0,2231.3416414999997,2197.7938194281014,0.15043333333333334,49481.340566666666,0.048501128710060834,3.516978761117652,3.466268520993935
1000,200,300,400,20000.0,2474.339508233333,2302.1111052261995,0.13513333333333333,52403.431566666666,0.05061660388629273,3.723262299292043,3.6510817980030463
1000,200,300,500,20000.0,2668.556447899999,2452.9074511022536,0.1306,54727.4285,0.05218214403160778,3.768650422217377,3.6952102075051503
1000,200,300,700,20000.0,2793.532121666666,2736.4952344076314,0.14486666666666667,57881.112433333336,0.051800110705874286,3.5363040333229345,3.4972808634799097
1000,200,300,1000,20000.0,2638.1181064666657,2997.451015554741,0.1802,60464.4603,0.04758593886068156,3.048826868599894,3.052056095018411
1000,200,400,200,20000.0,2267.522794833333,2188.895680808917,0.14973333333333333,46695.3247,0.05153762863883958,3.588535280512316,3.531360219620082
1000,200,400,300,20000.0,2458.8095441666665,2219.2949877164615,0.13093333333333335,51193.2972,0.05116215980195172,3.8379603254220855,3.753040043507437
1000,200,400,400,20000.0,2701.8074109,2323.559741055001,0.11886666666666666,54115.3882,0.05305271215811242,4.028015828695794,3.927016057284039
1000,200,400,500,20000.0,2896.0243505666663,2473.6624867727296,0.11713333333333334,56439.38513333334,0.054456910755241915,4.055574551467889,3.958663660897817
1000,200,400,700,20000.0,3021.0000243333325,2748.4243382805807,0.1296,59593.06906666666,0.05395406851401795,3.8076547779995455,3.748052613907478
1000,200,400,1000,20000.0,2865.5860091333325,2998.057911005576,0.16286666666666666,62176.416933333334,0.049747915350588985,3.3110371504549865,3.291657357524896
1000,200,500,200,20000.0,2486.881915166666,2238.241984292706,0.13196666666666668,48182.54523333333,0.05436712219256324,3.848918802989945,3.7674501876355455
1000,200,500,300,20000.0,2678.1686644999995,2270.201871750861,0.11743333333333333,52680.517733333334,0.053716435706344566,4.086618248248853,3.9806282431307403
1000,200,500,400,20000.0,2921.166531233333,2374.052031650861,0.107,55602.608733333334,0.055412315378837014,4.262424565267457,4.145555017233313
1000,200,500,500,20000.0,3115.3834708999993,2522.6909731960536,0.1063,57926.60566666667,0.056675585272088685,4.277973413305364,4.169201427553936
1000,200,500,700,20000.0,3240.3591446666665,2786.9413418470663,0.11833333333333333,61080.2896,0.056062570035537725,4.02768912934019,3.9557008826237534
1000,200,500,1000,20000.0,3084.9451294666665,3024.816231604243,0.1498,63663.63746666667,0.05185154363405358,3.532962860335187,3.496954272889215
1000,200,700,200,20000.0,2753.080236766666,2346.7164099944957,0.11756666666666667,50165.75896666667,0.057773823199471414,4.063954917675634,3.960643334632028
1000,200,700,300,20000.0,2944.3669861,2373.527207772691,0.10423333333333333,54663.731466666664,0.05680350096664119,4.297227518060997,4.17089067920193
1000,200,700,400,20000.0,3187.3648528333338,2467.1557796801144,0.09603333333333333,57585.822466666665,0.05825575398171157,4.475337887324187,4.337748594246532
1000,200,700,500,20000.0,3381.5817924999997,2604.5079857700084,0.0946,59909.8194,0.05934132639842392,4.497641402184625,4.36781930785104
1000,200,700,700,20000.0,3506.557466266666,2847.7678552911034,0.10583333333333333,63063.503333333334,0.058581456871429904,4.265471063555501,4.169574941799289
1000,200,700,1000,20000.0,3351.143451066666,3059.9198353730517,0.13313333333333333,65646.8512,0.054357987256580656,3.7937926697295534,3.728172971197262
1000,200,1000,200,20000.0,2648.903405433333,2634.8082296458806,0.15706666666666666,51787.6131,0.05465040549269786,3.4826331806086612,3.4341548599309495
1000,200,1000,300,20000.0,2840.190154766666,2640.175969308657,0.13896666666666666,56285.5856,0.053885724180745845,3.726534676778333,3.654259096945955
1000,200,1000,400,20000.0,3083.1880215000006,2702.0643055247106,0.12376666666666666,59207.6766,0.05539909451224453,3.9527100014658973,3.856086656591779
1000,200,1000,500,20000.0,3277.404961166666,2807.1375364140763,0.1181,61531.673533333334,0.05652729896101615,4.044427347133459,3.940038657187806
1000,200,1000,700,20000.0,3402.3806349333327,3008.378248173748,0.1256,64685.35746666667,0.05586881416006322,3.9177893471144616,3.8294793992969427
1000,200,1000,1000,20000.0,3246.9666197333327,3179.1400983707254,0.14823333333333333,67268.70533333333,0.05179968712395816,3.5380077516813424,3.4739776971197798
