audit_id,audit_to_finished_ms,audit_to_request_ms,call_to_done_ms,detected_to_audited_ms,execution_id,post_ms,pre_submit_ms,queue_delay_ms,request_created_at,request_to_finished_ms,result_finished_at,shadow_to_request_ms,status,total_ms_timing
419474,,,2553,,4864db8b-867c-49da-8f71-c795857670b6,793,1352,1,2026-07-28T13:52:24.562664+00:00,2553.0170000000003,2026-07-28T13:52:27.115681+00:00,,CAP_BLOCKED,1342
419646,,,2359,,faaa9702-c5a7-43be-a5fd-6b093b82540b,772,1156,2,2026-07-28T15:22:52.957957+00:00,2359.0049999999997,2026-07-28T15:22:55.316962+00:00,,CAP_BLOCKED,1145
419662,8330.002,3104.71,5225,4.23,693ee6d7-5471-4b12-bf63-fc763c9906b5,843,1222,0,2026-07-28T15:30:25.309321+00:00,5225.2919999999995,2026-07-28T15:30:30.534613+00:00,3032.8810000000003,LIVE_OK,1211
419664,,,2496,,94e0e9ec-fc2e-4077-ab1f-a217dbe97061,825,1294,0,2026-07-28T15:31:08.919483+00:00,2495.982,2026-07-28T15:31:11.415465+00:00,,CAP_BLOCKED,1291
419877,,,2445,,a5511b34-3087-4f13-948b-0044e271f23b,793,1201,1,2026-07-28T17:30:06.171741+00:00,2445.02,2026-07-28T17:30:08.616761+00:00,,CAP_BLOCKED,1193
419887,,,2385,,85e064c8-4b26-4909-a46e-83a203e91171,711,1183,0,2026-07-28T17:35:02.942134+00:00,2384.976,2026-07-28T17:35:05.327110+00:00,,CAP_BLOCKED,1179
419905,,,2145,,8a67e964-1946-43d3-853d-3993d07a15f7,772,1184,0,2026-07-28T17:44:38.131883+00:00,2145.3920000000003,2026-07-28T17:44:40.277275+00:00,,CAP_BLOCKED,1180
419935,9672.367,3198.8360000000002,6474,4.0889999999999995,f1918965-9811-4c30-b7f6-0cff33762dad,797,1129,1,2026-07-28T17:58:41.861191+00:00,6473.531,2026-07-28T17:58:48.334722+00:00,3029.219,LIVE_OK,1122
419959,,,2439,,6171838f-58cb-4e6b-90b0-395aed49cec2,916,1239,58,2026-07-28T18:08:28.852031+00:00,2439.538,2026-07-28T18:08:31.291569+00:00,,CAP_BLOCKED,1177
420196,,,2581,,a7403835-8dd5-4a5b-bde3-e23720a5b317,1030,1379,0,2026-07-28T19:50:48.934191+00:00,2580.622,2026-07-28T19:50:51.514813+00:00,,CAP_BLOCKED,1370
420463,6992.777,3188.783,3804,3.559,ccd3c23a-ada8-41e4-94f0-a0b23ad674a3,761,1105,1,2026-07-28T23:58:59.009030+00:00,3803.9939999999997,2026-07-28T23:59:02.813024+00:00,3024.372,LIVE_OK,1099
420476,,,2337,,e1552bc2-9899-48b7-903b-682480629374,749,1118,0,2026-07-29T00:03:00.105286+00:00,2337.113,2026-07-29T00:03:02.442399+00:00,,CAP_BLOCKED,1114
420504,,,2483,,577f0aae-67e3-481d-b28a-6c309b3064a9,961,1280,1,2026-07-29T00:13:59.932761+00:00,2482.663,2026-07-29T00:14:02.415424+00:00,,CAP_BLOCKED,1230
420508,,,2369,,a708eea3-de6f-4c8e-be47-9612e7edbc56,795,1166,0,2026-07-29T00:15:24.273767+00:00,2368.755,2026-07-29T00:15:26.642522+00:00,,CAP_BLOCKED,1159
420509,,,2306,,dc257edd-f6f8-46a3-a3ba-0851164c3f1a,737,1102,0,2026-07-29T00:15:51.212278+00:00,2306.104,2026-07-29T00:15:53.518382+00:00,,CAP_BLOCKED,1099
420511,,,2420,,5bc4d250-0398-46f2-8a52-4f55629f7219,953,1218,1,2026-07-29T00:16:28.559313+00:00,2419.723,2026-07-29T00:16:30.979036+00:00,,CAP_BLOCKED,1215
420536,,,2276,,64ede2d7-3972-48f7-8223-9b7bc21e939b,753,1068,0,2026-07-29T00:28:52.837981+00:00,2276.366,2026-07-29T00:28:55.114347+00:00,,CAP_BLOCKED,1063
420558,,,2342,,3cea623f-a210-4850-9331-c19f9da085db,824,1139,0,2026-07-29T00:36:32.682429+00:00,2342.1,2026-07-29T00:36:35.024529+00:00,,CAP_BLOCKED,1136
420668,,,2394,,c2677bf0-66f0-4f5a-a5ef-69ce52975aa0,758,1191,0,2026-07-29T01:22:26.022533+00:00,2393.792,2026-07-29T01:22:28.416325+00:00,,CAP_BLOCKED,1186
420838,,,2377,,82cdfcb6-104d-40c4-bae7-c66b7bf6482f,743,1176,0,2026-07-29T04:00:36.638398+00:00,2377.09,2026-07-29T04:00:39.015488+00:00,,CAP_BLOCKED,1165
420839,6298.237999999999,365.568,5933,6.930000000000001,c015f8c4-e10c-466e-9c56-da7b9858555b,742,1261,0,2026-07-29T04:00:51.513933+00:00,5932.67,2026-07-29T04:00:57.446603+00:00,96.512,LIVE_OK,1257
420841,,,2507,,9470bc6d-f707-40ab-a687-8226445d5477,787,1305,0,2026-07-29T04:03:07.008260+00:00,2506.566,2026-07-29T04:03:09.514826+00:00,,CAP_BLOCKED,1301
420860,,,2335,,b73b11ca-d63c-4efb-9b99-009ff78a8412,794,1121,0,2026-07-29T04:20:09.446499+00:00,2334.877,2026-07-29T04:20:11.781376+00:00,,CAP_BLOCKED,1118
420861,,,2397,,c2492a59-dbdb-4c86-a237-09f693bb30fb,801,1118,0,2026-07-29T04:22:19.115606+00:00,2397.087,2026-07-29T04:22:21.512693+00:00,,CAP_BLOCKED,1114
420863,,,2216,,61f170c0-fe11-4477-a44a-340bebd29fac,771,1141,0,2026-07-29T04:22:30.375995+00:00,2216.4069999999997,2026-07-29T04:22:32.592402+00:00,,CAP_BLOCKED,1137
420934,,,2430,,eae92f65-f324-4c5c-874b-f59775b48679,867,1229,1,2026-07-29T06:25:12.325008+00:00,2429.865,2026-07-29T06:25:14.754873+00:00,,CAP_BLOCKED,1184
420965,,,3820,,c89bd7ff-34bc-49c1-9ddb-f69735a84338,2300,2615,0,2026-07-29T07:05:55.406963+00:00,3819.62,2026-07-29T07:05:59.226583+00:00,,CAP_BLOCKED,2612
420998,,,2368,,66f85562-0f30-4294-93e0-0ad6d321733b,771,1167,0,2026-07-29T07:46:08.549767+00:00,2367.78,2026-07-29T07:46:10.917547+00:00,,CAP_BLOCKED,1164
421000,9870.393,3319.609,6551,3.655,e8a4c6bd-4eab-448b-b77a-6c6f0b407cbe,821,1115,0,2026-07-29T07:51:53.000127+00:00,6550.784000000001,2026-07-29T07:51:59.550911+00:00,3013.612,LIVE_OK,1112
421030,9016.654,3087.993,5929,3.542,3b615f29-d760-4b2b-ab21-e6e1b891a268,786,1155,0,2026-07-29T08:28:28.900981+00:00,5928.661,2026-07-29T08:28:34.829642+00:00,3032.369,LIVE_OK,1149
421060,,,2384,,50f9fbdc-0bd4-426d-a467-50be512f099b,793,1175,0,2026-07-29T08:53:14.541270+00:00,2384.109,2026-07-29T08:53:16.925379+00:00,,CAP_BLOCKED,1169
421129,,,2580,,9ce581b4-b9b7-4386-8659-bd1cf409efd6,781,1379,1,2026-07-29T09:49:43.787848+00:00,2580.317,2026-07-29T09:49:46.368165+00:00,,CAP_BLOCKED,1374
421139,,,2424,,92722969-df00-4e28-bdd0-ff51b8a0bf0e,875,1222,0,2026-07-29T09:54:34.090850+00:00,2423.961,2026-07-29T09:54:36.514811+00:00,,CAP_BLOCKED,1219
421146,,,1969,,7b34c02b-7b78-46bc-be2e-783fd362d0a7,743,1969,0,2026-07-29T10:12:33.045501+00:00,1968.89,2026-07-29T10:12:35.014391+00:00,,API_FAILED,1966
421154,,,2442,,af1910bf-a058-4f50-9d12-41d60098d9fd,746,1727,0,2026-07-29T10:12:54.592244+00:00,2442.076,2026-07-29T10:12:57.034320+00:00,,CAP_BLOCKED,1724
421169,,,2222,,1df0d847-ef9f-4efd-8081-acec65ac49ed,702,1020,0,2026-07-29T10:14:43.398677+00:00,2221.5950000000003,2026-07-29T10:14:45.620272+00:00,,CAP_BLOCKED,1016
421184,,,2233,,528b599f-462d-4c7e-9434-2adb7dc6e960,690,1031,0,2026-07-29T10:17:09.781789+00:00,2232.612,2026-07-29T10:17:12.014401+00:00,,CAP_BLOCKED,1028
421195,,,2299,,bef1df56-c38e-494d-ab29-85171b7e4f79,777,1098,0,2026-07-29T10:18:43.817083+00:00,2299.468,2026-07-29T10:18:46.116551+00:00,,CAP_BLOCKED,1094
421201,,,2292,,c48d3821-fa62-4a37-b23e-3619af845b4c,814,1091,0,2026-07-29T10:19:09.011461+00:00,2292.005,2026-07-29T10:19:11.303466+00:00,,CAP_BLOCKED,1087
421230,,,2405,,e2e161b3-d9b8-433e-8210-450b5de2d5fc,772,1156,0,2026-07-29T10:22:26.807627+00:00,2405.125,2026-07-29T10:22:29.212752+00:00,,CAP_BLOCKED,1153
421239,,,2401,,da606e1d-ae89-4807-81c2-bd86f9c303e4,798,1153,0,2026-07-29T10:24:12.813834+00:00,2401.51,2026-07-29T10:24:15.215344+00:00,,CAP_BLOCKED,1150
421245,,,3104,,bce0ab66-6e9c-4c65-a791-61bea5641d3d,1624,1902,0,2026-07-29T10:25:16.215817+00:00,3103.625,2026-07-29T10:25:19.319442+00:00,,CAP_BLOCKED,1899
421246,,,3102,,a9f611f6-c68f-4b6e-a5c5-8460dcdd5dcf,1613,1900,2,2026-07-29T10:25:16.390390+00:00,3102.134,2026-07-29T10:25:19.492524+00:00,,CAP_BLOCKED,1894
421264,,,3135,,0fac313a-e6ad-45f6-9515-d4bc8de99eab,800,1886,1,2026-07-29T10:27:01.180097+00:00,3135.3,2026-07-29T10:27:04.315397+00:00,,CAP_BLOCKED,1882
421295,,,2317,,31d2f2df-0350-4f3a-bf7e-4db9b954c030,755,1070,0,2026-07-29T10:31:03.700547+00:00,2316.98,2026-07-29T10:31:06.017527+00:00,,CAP_BLOCKED,1067
421304,,,2028,,7d93a090-0cc6-4471-a37f-6cea683830f8,808,2028,0,2026-07-29T10:31:53.143507+00:00,2028.029,2026-07-29T10:31:55.171536+00:00,,API_FAILED,2025
421311,,,2697,,5414162f-6d1c-409d-89ba-4062a05df1b0,778,1454,0,2026-07-29T10:32:58.624226+00:00,2697.031,2026-07-29T10:33:01.321257+00:00,,CAP_BLOCKED,1448
421331,,,2351,,839449c9-589e-44da-a736-a76dfed2e0d7,852,1142,0,2026-07-29T10:35:47.176444+00:00,2350.899,2026-07-29T10:35:49.527343+00:00,,CAP_BLOCKED,1139
421360,,,3272,,c4006059-7164-4cd1-9576-2cb575522fe0,878,2034,1,2026-07-29T10:39:02.545908+00:00,3271.676,2026-07-29T10:39:05.817584+00:00,,CAP_BLOCKED,2024
421362,,,2297,,ef9c292b-447c-49a3-848e-b4f772d48993,781,1095,0,2026-07-29T10:39:15.272556+00:00,2297.0280000000002,2026-07-29T10:39:17.569584+00:00,,CAP_BLOCKED,1091
421382,,,2301,,b1bf1995-e4aa-475c-96bc-6237bbed7962,770,1097,0,2026-07-29T10:41:57.316403+00:00,2300.9,2026-07-29T10:41:59.617303+00:00,,CAP_BLOCKED,1093
421390,,,2311,,74259a6a-4164-4ae9-a747-0db32410197c,778,1109,1,2026-07-29T10:42:39.316679+00:00,2310.623,2026-07-29T10:42:41.627302+00:00,,CAP_BLOCKED,1101
421392,10177.286,287.05199999999996,9890,7.707999999999999,4b3ed54f-455f-4ba9-91f1-241e175d3236,4428,4785,0,2026-07-29T10:42:41.730156+00:00,9890.234,2026-07-29T10:42:51.620390+00:00,14.602,LIVE_OK,4779
421461,,,2466,,1106c6ab-9384-438c-ad34-889774a81b38,897,1264,0,2026-07-29T10:51:04.856432+00:00,2466.469,2026-07-29T10:51:07.322901+00:00,,CAP_BLOCKED,1260
421479,,,2951,,c6a53510-a857-4833-a386-6ec1d7eef68a,1304,1749,0,2026-07-29T10:54:05.416154+00:00,2951.2019999999998,2026-07-29T10:54:08.367356+00:00,,CAP_BLOCKED,1741
421493,,,2404,,2ec912bb-cfad-4f3f-8738-466eabaf69f7,791,1203,0,2026-07-29T10:56:08.009997+00:00,2404.402,2026-07-29T10:56:10.414399+00:00,,CAP_BLOCKED,1200
421503,,,2392,,4cdd609a-2c31-451c-a790-32dd5deceaa3,773,1187,0,2026-07-29T10:58:23.827893+00:00,2392.456,2026-07-29T10:58:26.220349+00:00,,CAP_BLOCKED,1183
421512,6543.706,3109.8810000000003,3434,3.7190000000000003,069e7402-86ec-460d-ae61-d7c00b919341,786,1223,0,2026-07-29T10:59:25.391071+00:00,3433.8250000000003,2026-07-29T10:59:28.824896+00:00,3013.4539999999997,LIVE_OK,1220
421515,,,6516,,647b2dcd-e2f9-4fc7-a539-3d22c6aa3dfa,4800,5312,0,2026-07-29T11:00:08.523018+00:00,6516.374,2026-07-29T11:00:15.039392+00:00,,CAP_BLOCKED,5217
421546,8631.731,4911.996,3720,2.7880000000000003,c80dcf77-36d8-4289-b703-ff79cf38b918,739,1113,0,2026-07-29T11:04:26.200252+00:00,3719.735,2026-07-29T11:04:29.919987+00:00,3642.51,LIVE_OK,1110
421555,,,2287,,0c75edec-46fa-451a-b34e-343e223d8509,768,1079,0,2026-07-29T11:05:26.736281+00:00,2286.644,2026-07-29T11:05:29.022925+00:00,,CAP_BLOCKED,1077
421580,,,2852,,50b882c6-eed8-4d25-80f2-30ace65e094a,1298,1651,0,2026-07-29T11:08:44.218275+00:00,2851.718,2026-07-29T11:08:47.069993+00:00,,CAP_BLOCKED,1644
421616,,,2404,,25ab3b13-5161-4a0a-af83-4bf0b08e5d24,737,1163,0,2026-07-29T11:12:39.612664+00:00,2404.005,2026-07-29T11:12:42.016669+00:00,,CAP_BLOCKED,1160
421619,,,2331,,4224bc69-54ff-4927-9dfd-b85960fe2dee,755,1130,0,2026-07-29T11:13:07.184381+00:00,2330.962,2026-07-29T11:13:09.515343+00:00,,CAP_BLOCKED,1127
421621,,,2493,,ffebd47a-2ad2-4047-b922-9e7c2bd69f68,757,1292,0,2026-07-29T11:13:07.332448+00:00,2492.98,2026-07-29T11:13:09.825428+00:00,,CAP_BLOCKED,1288
421648,,,2357,,b38b7195-1891-4021-ba71-a424778a0c44,781,1156,0,2026-07-29T11:17:15.559942+00:00,2357.2920000000004,2026-07-29T11:17:17.917234+00:00,,CAP_BLOCKED,1153
421650,,,3216,,ae6e0416-9ac0-42c0-b27d-d478c6ba5430,1772,2096,0,2026-07-29T11:17:15.719912+00:00,3215.9230000000002,2026-07-29T11:17:18.935835+00:00,,CAP_BLOCKED,2093
421660,,,2231,,24c9aa0c-3223-4593-896b-53eefebf78f9,715,1029,0,2026-07-29T11:18:10.444484+00:00,2230.971,2026-07-29T11:18:12.675455+00:00,,CAP_BLOCKED,1026
421665,,,2402,,f2aabc6c-ed45-425a-9c1b-1f4a329cbeee,838,1201,0,2026-07-29T11:18:44.466556+00:00,2401.723,2026-07-29T11:18:46.868279+00:00,,CAP_BLOCKED,1195
421718,,,2393,,726dc307-46dc-4ea8-863a-9cbe92bd8ef2,803,1191,0,2026-07-29T11:25:49.624972+00:00,2392.942,2026-07-29T11:25:52.017914+00:00,,CAP_BLOCKED,1182
421724,,,3182,,6d93a06e-eb40-481b-b83c-aacfe63fca2a,1667,1978,0,2026-07-29T11:26:29.435688+00:00,3181.6270000000004,2026-07-29T11:26:32.617315+00:00,,CAP_BLOCKED,1971
421725,,,4580,,64a9c949-1f44-4b23-a69b-0abec3c79783,2888,3341,0,2026-07-29T11:26:29.933917+00:00,4580.051,2026-07-29T11:26:34.513968+00:00,,CAP_BLOCKED,3332
421736,,,2364,,60cd942c-4d64-47b1-9ae7-36c8dffa2fbd,799,1117,0,2026-07-29T11:28:10.552561+00:00,2363.584,2026-07-29T11:28:12.916145+00:00,,CAP_BLOCKED,1113
421737,11286.516000000001,2261.703,9025,4.412,979a9f1e-faae-49a0-b8b3-cf2a01be91a4,1699,2214,0,2026-07-29T11:28:10.704022+00:00,9024.813,2026-07-29T11:28:19.728835+00:00,8.751,LIVE_OK,2211
421753,,,3000,,d2dbb82c-35c8-4df9-8df8-96858e0fd59e,1423,1799,0,2026-07-29T11:30:12.246443+00:00,3000.294,2026-07-29T11:30:15.246737+00:00,,CAP_BLOCKED,1795
421770,,,2437,,d6d5b655-eade-4d65-a96a-303f15f6afc2,835,1235,2,2026-07-29T11:32:59.029763+00:00,2437.52,2026-07-29T11:33:01.467283+00:00,,CAP_BLOCKED,1230
421817,,,3163,,fda1c282-6caa-407e-aa0f-6c4f09cea0e6,827,1955,1,2026-07-29T11:39:25.858630+00:00,3162.674,2026-07-29T11:39:29.021304+00:00,,CAP_BLOCKED,1951
421824,,,2430,,72ac2e32-dbbf-41f3-a92e-81d40f1b59e2,926,1224,0,2026-07-29T11:40:02.996260+00:00,2429.6600000000003,2026-07-29T11:40:05.425920+00:00,,CAP_BLOCKED,1219
421828,,,2364,,b32efe73-6526-44db-96d1-1afeb0658fae,772,1162,0,2026-07-29T11:40:33.553991+00:00,2363.692,2026-07-29T11:40:35.917683+00:00,,CAP_BLOCKED,1158
421846,,,1124,,1adeeae1-b522-4d72-beaa-1a935a0d79a0,766,1124,0,2026-07-29T11:43:16.491807+00:00,1124.469,2026-07-29T11:43:17.616276+00:00,,API_FAILED,1121
421875,,,2253,,abffa8e8-2db4-497b-8ce5-9be09c2ae843,717,1052,0,2026-07-29T11:47:43.174587+00:00,2253.307,2026-07-29T11:47:45.427894+00:00,,CAP_BLOCKED,1048
421892,8394.152999999998,3077.124,5317,6.247,90412878-5f1f-4f03-badb-19989bb2777a,776,1679,2,2026-07-29T11:49:35.133640+00:00,5317.0289999999995,2026-07-29T11:49:40.450669+00:00,3026.2250000000004,LIVE_OK,1672
421904,,,2245,,8de0dfa7-9059-4349-b0ba-82c3166749f5,720,1041,0,2026-07-29T11:51:41.509708+00:00,2244.7400000000002,2026-07-29T11:51:43.754448+00:00,,CAP_BLOCKED,1037
421949,,,2634,,cde3b7e6-424b-4179-a505-f9f2b8569549,1154,1430,2,2026-07-29T12:01:03.289896+00:00,2634.41,2026-07-29T12:01:05.924306+00:00,,CAP_BLOCKED,1423
421959,,,2397,,d8354dbd-2278-4ea8-ad11-228ff49fee4b,785,1196,1,2026-07-29T12:03:49.417184+00:00,2397.139,2026-07-29T12:03:51.814323+00:00,,CAP_BLOCKED,1192
421960,,,3574,,b3b19539-ef02-408a-a979-6e5c0da25da8,2002,2368,0,2026-07-29T12:03:52.960348+00:00,3573.682,2026-07-29T12:03:56.534030+00:00,,CAP_BLOCKED,2365
421961,,,2323,,7ab44a25-54c2-4225-988a-34571c662cb6,753,1122,0,2026-07-29T12:04:16.491331+00:00,2323.28,2026-07-29T12:04:18.814611+00:00,,CAP_BLOCKED,1120
421964,,,2523,,35b65910-29a1-47bf-be11-b0fa8c4c19b8,870,1318,1,2026-07-29T12:05:02.908653+00:00,2522.792,2026-07-29T12:05:05.431445+00:00,,CAP_BLOCKED,1311
421979,,,2600,,3336c2ad-70ca-4c4f-8679-bf8705ec137d,834,1345,0,2026-07-29T12:09:02.121742+00:00,2599.592,2026-07-29T12:09:04.721334+00:00,,CAP_BLOCKED,1340
421980,,,3698,,38d64518-8866-4254-a362-98404ed37fe8,2178,2497,0,2026-07-29T12:09:09.371674+00:00,3697.8909999999996,2026-07-29T12:09:13.069565+00:00,,CAP_BLOCKED,2450
421992,6815.83,3190.67,3625,3.8409999999999997,ed69e9dd-fd5b-4221-9b47-c7db17720fb9,789,1169,0,2026-07-29T12:11:53.027523+00:00,3625.1600000000003,2026-07-29T12:11:56.652683+00:00,3032.946,LIVE_OK,1165
422034,,,1996,,f5cba1eb-9b43-4719-8b72-e1520dfaf4dc,772,1996,0,2026-07-29T12:25:10.217815+00:00,1996.1409999999998,2026-07-29T12:25:12.213956+00:00,,API_FAILED,1992
422047,,,2291,,b8a6726f-b845-4182-894b-11df65bb8624,761,1089,0,2026-07-29T12:28:25.932570+00:00,2290.83,2026-07-29T12:28:28.223400+00:00,,CAP_BLOCKED,1084
422052,,,2468,,83d6c3ac-9f8a-49e4-9c43-8e713704dafa,822,1203,0,2026-07-29T12:30:40.946005+00:00,2468.3160000000003,2026-07-29T12:30:43.414321+00:00,,CAP_BLOCKED,1199
