BIA_ApostaUTC,Dia Semana Aposta (UTC),dow_norm,ApostaLive.rf_prob,rf_prob,proba_cli,proba_txt,proba_cli_legacy_buggy,proba_txt_legacy_buggy,abs_diff,match6,abs_diff_legacy,match6_legacy,closer_to_legacy
2025-12-16 14:16:00,terça-feira,terca-feira,0.100009,0.100009,0.995,0.995000,0.005,0.005000,0.894991,0,0.095009,0,1
2025-12-23 11:53:00,terça-feira,terca-feira,0.101693,0.101693,0.995,0.995000,0.005,0.005000,0.893307,0,0.096693,0,1
2025-11-25 12:15:00,terça-feira,terca-feira,0.104161,0.104161,0.995,0.995000,0.005,0.005000,0.8908389999999999,0,0.099161,0,1
2025-12-24 08:02:00,quarta-feira,quarta-feira,0.115846,0.115846,0.995,0.995000,0.995,0.995000,0.879154,0,0.879154,0,0
2025-11-26 23:19:00,quarta-feira,quarta-feira,0.116754,0.116754,0.995,0.995000,0.995,0.995000,0.878246,0,0.878246,0,0
2025-11-25 15:31:00,terça-feira,terca-feira,0.110362,0.110362,0.9857008128821357,0.985701,0.005,0.005000,0.8753388128821358,0,0.105362,0,1
2025-12-03 18:40:00,quarta-feira,quarta-feira,0.120153,0.120153,0.9864253529648124,0.986425,0.995,0.995000,0.8662723529648124,0,0.874847,0,0
2025-11-26 21:15:00,quarta-feira,quarta-feira,0.136294,0.136294,0.995,0.995000,0.995,0.995000,0.858706,0,0.858706,0,0
2025-12-09 18:31:00,terça-feira,terca-feira,0.140223,0.140223,0.995,0.995000,0.005,0.005000,0.854777,0,0.13522299999999998,0,1
2025-11-25 08:22:00,terça-feira,terca-feira,0.142264,0.142264,0.995,0.995000,0.005,0.005000,0.8527359999999999,0,0.137264,0,1
2025-11-25 02:32:00,terça-feira,terca-feira,0.135063,0.135063,0.9871846525236632,0.987185,0.005,0.005000,0.8521216525236632,0,0.13006299999999998,0,1
2025-12-10 04:07:00,quarta-feira,quarta-feira,0.146613,0.146613,0.995,0.995000,0.995,0.995000,0.848387,0,0.848387,0,0
2025-11-26 19:07:00,quarta-feira,quarta-feira,0.145735,0.145735,0.9937236738236688,0.993724,0.995,0.995000,0.8479886738236688,0,0.8492649999999999,0,0
2025-12-23 11:01:00,terça-feira,terca-feira,0.149963,0.149963,0.995,0.995000,0.005,0.005000,0.845037,0,0.144963,0,1
2025-12-03 08:31:00,quarta-feira,quarta-feira,0.151622,0.151622,0.995,0.995000,0.995,0.995000,0.843378,0,0.843378,0,0
2025-12-02 09:17:00,terça-feira,terca-feira,0.152561,0.152561,0.995,0.995000,0.005,0.005000,0.8424389999999999,0,0.147561,0,1
2025-12-03 04:07:00,quarta-feira,quarta-feira,0.153537,0.153537,0.995,0.995000,0.995,0.995000,0.841463,0,0.841463,0,0
2025-12-03 18:53:00,quarta-feira,quarta-feira,0.158112,0.158112,0.9927570181842793,0.992757,0.995,0.995000,0.8346450181842793,0,0.836888,0,0
2025-12-17 08:12:00,quarta-feira,quarta-feira,0.167441,0.167441,0.995,0.995000,0.995,0.995000,0.8275589999999999,0,0.8275589999999999,0,0
2025-12-09 07:02:00,terça-feira,terca-feira,0.172253,0.172253,0.995,0.995000,0.005,0.005000,0.822747,0,0.16725299999999999,0,1
2025-11-25 08:59:00,terça-feira,terca-feira,0.82613,0.82613,0.005,0.005000,0.995,0.995000,0.82113,0,0.16886999999999996,0,1
2025-12-10 09:19:00,quarta-feira,quarta-feira,0.184293,0.184293,0.9913703286286029,0.991370,0.995,0.995000,0.8070773286286028,0,0.810707,0,0
2025-12-24 08:40:00,quarta-feira,quarta-feira,0.19897,0.19897,0.995,0.995000,0.995,0.995000,0.79603,0,0.79603,0,0
2025-12-16 12:38:00,terça-feira,terca-feira,0.213146,0.213146,0.995,0.995000,0.005,0.005000,0.781854,0,0.208146,0,1
2025-12-17 10:36:00,quarta-feira,quarta-feira,0.22532,0.22532,0.995,0.995000,0.005,0.005000,0.76968,0,0.22032,0,1
2025-12-17 11:51:00,quarta-feira,quarta-feira,0.231899,0.231899,0.995,0.995000,0.995,0.995000,0.763101,0,0.763101,0,0
2025-11-26 19:38:00,quarta-feira,quarta-feira,0.232359,0.232359,0.995,0.995000,0.995,0.995000,0.762641,0,0.762641,0,0
2025-12-09 14:46:00,terça-feira,terca-feira,0.228208,0.228208,0.9906018837822745,0.990602,0.005,0.005000,0.7623938837822746,0,0.223208,0,1
2025-11-26 21:02:00,quarta-feira,quarta-feira,0.238408,0.238408,0.995,0.995000,0.995,0.995000,0.7565919999999999,0,0.7565919999999999,0,0
2025-12-03 05:51:00,quarta-feira,quarta-feira,0.244151,0.244151,0.9944042351418328,0.994404,0.995,0.995000,0.7502532351418328,0,0.750849,0,0
2025-11-25 11:32:00,terça-feira,terca-feira,0.754539,0.754539,0.005,0.005000,0.005,0.005000,0.749539,0,0.749539,0,0
2025-12-17 09:42:00,quarta-feira,quarta-feira,0.256303,0.256303,0.995,0.995000,0.005,0.005000,0.7386969999999999,0,0.251303,0,1
2025-12-02 18:09:00,terça-feira,terca-feira,0.25998,0.25998,0.995,0.995000,0.005,0.005000,0.73502,0,0.25498,0,1
2025-12-17 22:53:00,quarta-feira,quarta-feira,0.263472,0.263472,0.995,0.995000,0.995,0.995000,0.731528,0,0.731528,0,0
2025-12-02 09:59:00,terça-feira,terca-feira,0.734152,0.734152,0.005,0.005000,0.005,0.005000,0.729152,0,0.729152,0,0
2025-11-25 14:05:00,terça-feira,terca-feira,0.28732,0.28732,0.995,0.995000,0.005,0.005000,0.70768,0,0.28232,0,1
2025-12-23 09:33:00,terça-feira,terca-feira,0.287655,0.287655,0.995,0.995000,0.005,0.005000,0.707345,0,0.282655,0,1
2025-12-03 00:18:00,quarta-feira,quarta-feira,0.290169,0.290169,0.995,0.995000,0.005,0.005000,0.704831,0,0.285169,0,1
2025-12-10 10:33:00,quarta-feira,quarta-feira,0.296904,0.296904,0.995,0.995000,0.995,0.995000,0.698096,0,0.698096,0,0
2025-12-17 17:42:00,quarta-feira,quarta-feira,0.329534,0.329534,0.995,0.995000,0.995,0.995000,0.665466,0,0.665466,0,0
2025-11-25 04:32:00,terça-feira,terca-feira,0.339929,0.339929,0.995,0.995000,0.005,0.005000,0.655071,0,0.334929,0,1
2025-12-03 09:12:00,quarta-feira,quarta-feira,0.34587,0.34587,0.995,0.995000,0.995,0.995000,0.64913,0,0.64913,0,0
2025-12-02 13:54:00,terça-feira,terca-feira,0.648351,0.648351,0.00603771903070138,0.006038,0.995,0.995000,0.6423132809692986,0,0.346649,0,1
2025-11-26 15:52:00,quarta-feira,quarta-feira,0.355857,0.355857,0.995,0.995000,0.995,0.995000,0.639143,0,0.639143,0,0
2025-12-03 10:11:00,quarta-feira,quarta-feira,0.356635,0.356635,0.995,0.995000,0.995,0.995000,0.6383650000000001,0,0.6383650000000001,0,0
2025-12-08 09:08:00,segunda-feira,segunda-feira,0.723562,0.723562,0.08641975308641975,0.086420,0.6666666666666666,0.666667,0.6371422469135803,0,0.05689533333333341,0,1
2025-11-25 14:14:00,terça-feira,terca-feira,0.369093,0.369093,0.995,0.995000,0.005,0.005000,0.625907,0,0.364093,0,1
2025-12-17 02:45:00,quarta-feira,quarta-feira,0.401449,0.401449,0.995,0.995000,0.995,0.995000,0.5935509999999999,0,0.5935509999999999,0,0
2025-11-25 20:19:00,terça-feira,terca-feira,0.597059,0.597059,0.005,0.005000,0.995,0.995000,0.592059,0,0.397941,0,1
2025-11-25 12:27:00,terça-feira,terca-feira,0.413296,0.413296,0.995,0.995000,0.005,0.005000,0.581704,0,0.408296,0,1
2025-12-23 08:44:00,terça-feira,terca-feira,0.578296,0.578296,0.005,0.005000,0.005,0.005000,0.573296,0,0.573296,0,0
2025-12-23 14:54:00,terça-feira,terca-feira,0.427284,0.427284,0.995,0.995000,0.005,0.005000,0.567716,0,0.422284,0,1
2025-11-26 12:22:00,quarta-feira,quarta-feira,0.429459,0.429459,0.995,0.995000,0.995,0.995000,0.5655410000000001,0,0.5655410000000001,0,0
2025-12-02 05:20:00,terça-feira,terca-feira,0.567219,0.567219,0.005,0.005000,0.005,0.005000,0.562219,0,0.562219,0,0
2025-11-26 09:29:00,quarta-feira,quarta-feira,0.438102,0.438102,0.995,0.995000,0.995,0.995000,0.556898,0,0.556898,0,0
2025-12-02 07:59:00,terça-feira,terca-feira,0.448477,0.448477,0.995,0.995000,0.005,0.005000,0.546523,0,0.443477,0,1
2025-12-23 13:56:00,terça-feira,terca-feira,0.449337,0.449337,0.995,0.995000,0.005,0.005000,0.545663,0,0.444337,0,1
2025-12-03 13:02:00,quarta-feira,quarta-feira,0.452668,0.452668,0.995,0.995000,0.995,0.995000,0.542332,0,0.542332,0,0
2025-12-17 09:06:00,quarta-feira,quarta-feira,0.452825,0.452825,0.995,0.995000,0.995,0.995000,0.5421750000000001,0,0.5421750000000001,0,0
2025-11-25 06:50:00,terça-feira,terca-feira,0.462457,0.462457,0.995,0.995000,0.005,0.005000,0.532543,0,0.457457,0,1
2025-12-03 15:09:00,quarta-feira,quarta-feira,0.557832,0.557832,0.026586216429616418,0.026586,0.995,0.995000,0.5312457835703835,0,0.437168,0,1
2025-12-16 11:32:00,terça-feira,terca-feira,0.519862,0.519862,0.005,0.005000,0.995,0.995000,0.514862,0,0.47513799999999995,0,1
2025-12-02 06:58:00,terça-feira,terca-feira,0.489374,0.489374,0.995,0.995000,0.005,0.005000,0.505626,0,0.48437399999999997,0,1
2025-12-17 04:04:00,quarta-feira,quarta-feira,0.123998,0.123998,0.6270489028596797,0.627049,0.995,0.995000,0.5030509028596797,0,0.871002,0,0
2025-12-16 20:03:00,terça-feira,terca-feira,0.492118,0.492118,0.995,0.995000,0.005,0.005000,0.502882,0,0.487118,0,1
2025-11-26 16:32:00,quarta-feira,quarta-feira,0.263291,0.263291,0.7642152219603515,0.764215,0.005,0.005000,0.5009242219603516,0,0.258291,0,1
2025-12-24 12:29:00,quarta-feira,quarta-feira,0.278239,0.278239,0.778956499084401,0.778956,0.995,0.995000,0.500717499084401,0,0.716761,0,0
2025-12-02 10:09:00,terça-feira,terca-feira,0.498246,0.498246,0.995,0.995000,0.995,0.995000,0.496754,0,0.496754,0,0
2025-11-26 08:01:00,quarta-feira,quarta-feira,0.207775,0.207775,0.7012550350576416,0.701255,0.995,0.995000,0.49348003505764165,0,0.7872250000000001,0,0
2025-12-03 06:04:00,quarta-feira,quarta-feira,0.493004,0.493004,0.005450319336723693,0.005450,0.995,0.995000,0.4875536806632763,0,0.501996,0,0
2025-11-24 20:05:00,segunda-feira,segunda-feira,0.292769,0.292769,0.7777777777777777,0.777778,0.6666666666666666,0.666667,0.4850087777777777,0,0.37389766666666663,0,1
2025-12-15 02:43:00,segunda-feira,segunda-feira,0.292769,0.292769,0.7777777777777777,0.777778,0.6666666666666666,0.666667,0.4850087777777777,0,0.37389766666666663,0,1
2025-12-02 21:55:00,terça-feira,terca-feira,0.281167,0.281167,0.7531963965009981,0.753196,0.995,0.995000,0.4720293965009981,0,0.7138329999999999,0,0
2025-12-08 04:15:00,segunda-feira,segunda-feira,0.201987,0.201987,0.6666666666666666,0.666667,0.6666666666666666,0.666667,0.4646796666666666,0,0.4646796666666666,0,0
2025-12-09 00:39:00,terça-feira,terca-feira,0.462791,0.462791,0.005,0.005000,0.005,0.005000,0.457791,0,0.457791,0,0
2025-12-23 12:56:00,terça-feira,terca-feira,0.556867,0.556867,0.995,0.995000,0.005,0.005000,0.438133,0,0.551867,0,0
2025-12-08 07:11:00,segunda-feira,segunda-feira,0.340115,0.340115,0.7777777777777777,0.777778,0.6666666666666666,0.666667,0.4376627777777777,0,0.32655166666666663,0,1
2025-12-03 11:20:00,quarta-feira,quarta-feira,0.456318,0.456318,0.01987097739574639,0.019871,0.995,0.995000,0.4364470226042536,0,0.538682,0,0
2025-11-26 15:58:00,quarta-feira,quarta-feira,0.418293,0.418293,0.007239184928499328,0.007239,0.995,0.995000,0.4110538150715007,0,0.576707,0,0
2025-11-25 15:13:00,terça-feira,terca-feira,0.58782,0.58782,0.995,0.995000,0.005,0.005000,0.40718,0,0.58282,0,0
2025-12-03 16:32:00,quarta-feira,quarta-feira,0.329851,0.329851,0.7246795695611944,0.724680,0.995,0.995000,0.3948285695611944,0,0.665149,0,0
2025-12-23 11:30:00,terça-feira,terca-feira,0.380408,0.380408,0.005,0.005000,0.005,0.005000,0.375408,0,0.375408,0,0
2025-11-24 16:34:00,segunda-feira,segunda-feira,0.292769,0.292769,0.6666666666666666,0.666667,0.6666666666666666,0.666667,0.37389766666666663,0,0.37389766666666663,0,0
2025-11-24 19:10:00,segunda-feira,segunda-feira,0.292769,0.292769,0.6666666666666666,0.666667,0.6666666666666666,0.666667,0.37389766666666663,0,0.37389766666666663,0,0
2025-12-01 18:04:00,segunda-feira,segunda-feira,0.292769,0.292769,0.6666666666666666,0.666667,0.6666666666666666,0.666667,0.37389766666666663,0,0.37389766666666663,0,0
2025-12-01 10:22:00,segunda-feira,segunda-feira,0.292769,0.292769,0.6666666666666666,0.666667,0.19753086419753085,0.197531,0.37389766666666663,0,0.09523813580246915,0,1
2025-11-24 14:32:00,segunda-feira,segunda-feira,0.292769,0.292769,0.6666666666666666,0.666667,0.6666666666666666,0.666667,0.37389766666666663,0,0.37389766666666663,0,0
2025-11-25 11:43:00,terça-feira,terca-feira,0.37786,0.37786,0.005,0.005000,0.005,0.005000,0.37285999999999997,0,0.37285999999999997,0,0
2025-12-17 11:06:00,quarta-feira,quarta-feira,0.18339,0.18339,0.552485728435761,0.552486,0.995,0.995000,0.36909572843576105,0,0.8116099999999999,0,0
2025-11-26 10:47:00,quarta-feira,quarta-feira,0.219537,0.219537,0.5781616417424367,0.578162,0.23241427037799323,0.232414,0.3586246417424367,0,0.012877270377993216,0,1
2025-12-02 03:56:00,terça-feira,terca-feira,0.646663,0.646663,0.995,0.995000,0.005,0.005000,0.348337,0,0.641663,0,0
2025-12-10 07:31:00,quarta-feira,quarta-feira,0.35474,0.35474,0.008633129654965951,0.008633,0.995,0.995000,0.34610687034503407,0,0.64026,0,0
2025-12-16 16:44:00,terça-feira,terca-feira,0.649973,0.649973,0.995,0.995000,0.995,0.995000,0.345027,0,0.345027,0,0
2025-12-16 19:31:00,terça-feira,terca-feira,0.345779,0.345779,0.005,0.005000,0.005,0.005000,0.340779,0,0.340779,0,0
2025-12-17 08:25:00,quarta-feira,quarta-feira,0.310793,0.310793,0.6473624454146065,0.647362,0.005,0.005000,0.33656944541460654,0,0.305793,0,1
2025-12-03 03:18:00,quarta-feira,quarta-feira,0.20535,0.20535,0.5373503301898663,0.537350,0.995,0.995000,0.3320003301898663,0,0.78965,0,0
2025-12-10 15:29:00,quarta-feira,quarta-feira,0.674267,0.674267,0.995,0.995000,0.995,0.995000,0.32073300000000005,0,0.32073300000000005,0,0
2025-12-03 18:45:00,quarta-feira,quarta-feira,0.32619,0.32619,0.6464568945489182,0.646457,0.995,0.995000,0.3202668945489182,0,0.66881,0,0
2025-12-03 18:13:00,quarta-feira,quarta-feira,0.278713,0.278713,0.5962033668912234,0.596203,0.995,0.995000,0.31749036689122345,0,0.716287,0,0
2025-11-26 04:36:00,quarta-feira,quarta-feira,0.173985,0.173985,0.491146793359136,0.491147,0.995,0.995000,0.317161793359136,0,0.821015,0,0
2025-12-17 12:41:00,quarta-feira,quarta-feira,0.179905,0.179905,0.4881019652220357,0.488102,0.995,0.995000,0.30819696522203566,0,0.815095,0,0
2025-12-03 10:58:00,quarta-feira,quarta-feira,0.346109,0.346109,0.6480855758472884,0.648086,0.30120452059197944,0.301205,0.30197657584728843,0,0.04490447940802056,0,1
2025-12-17 06:49:00,quarta-feira,quarta-feira,0.196796,0.196796,0.49789971653928106,0.497900,0.005,0.005000,0.30110371653928103,0,0.191796,0,1
2025-12-02 10:28:00,terça-feira,terca-feira,0.702145,0.702145,0.995,0.995000,0.995,0.995000,0.292855,0,0.292855,0,0
2025-12-10 15:20:00,quarta-feira,quarta-feira,0.493437,0.493437,0.7828476101358341,0.782848,0.23921660013491655,0.239217,0.28941061013583413,0,0.2542203998650835,0,1
2025-12-10 11:17:00,quarta-feira,quarta-feira,0.098011,0.098011,0.38478679064730564,0.384787,0.995,0.995000,0.28677579064730563,0,0.896989,0,0
2025-12-08 11:42:00,segunda-feira,segunda-feira,0.379923,0.379923,0.6666666666666666,0.666667,0.6666666666666666,0.666667,0.2867436666666666,0,0.2867436666666666,0,0
2025-12-03 05:29:00,quarta-feira,quarta-feira,0.178605,0.178605,0.46530705770965514,0.465307,0.995,0.995000,0.2867020577096551,0,0.816395,0,0
2025-12-17 10:40:00,quarta-feira,quarta-feira,0.131919,0.131919,0.4174836564135513,0.417484,0.995,0.995000,0.2855646564135513,0,0.863081,0,0
2025-12-09 09:05:00,terça-feira,terca-feira,0.654032,0.654032,0.37118380730058387,0.371184,0.005,0.005000,0.2828481926994161,0,0.6490319999999999,0,0
2025-12-02 22:13:00,terça-feira,terca-feira,0.712234,0.712234,0.995,0.995000,0.005,0.005000,0.28276599999999996,0,0.707234,0,0
2025-12-08 05:13:00,segunda-feira,segunda-feira,0.572702,0.572702,0.29276895943562614,0.292769,0.6666666666666666,0.666667,0.2799330405643739,0,0.09396466666666659,0,1
2025-12-17 01:25:00,quarta-feira,quarta-feira,0.264153,0.264153,0.5420413164456921,0.542041,0.995,0.995000,0.27788831644569206,0,0.730847,0,0
2025-12-17 09:40:00,quarta-feira,quarta-feira,0.166784,0.166784,0.4441119963129741,0.444112,0.995,0.995000,0.2773279963129741,0,0.8282160000000001,0,0
2025-12-08 04:03:00,segunda-feira,segunda-feira,0.569915,0.569915,0.29276895943562614,0.292769,0.6666666666666666,0.666667,0.2771460405643738,0,0.09675166666666668,0,1
2025-12-03 04:06:00,quarta-feira,quarta-feira,0.287755,0.287755,0.010616830418758022,0.010617,0.995,0.995000,0.27713816958124193,0,0.707245,0,0
2025-11-26 11:22:00,quarta-feira,quarta-feira,0.526394,0.526394,0.7955892586257488,0.795589,0.995,0.995000,0.2691952586257488,0,0.46860599999999997,0,0
2025-11-26 09:46:00,quarta-feira,quarta-feira,0.200937,0.200937,0.46712307524760394,0.467123,0.995,0.995000,0.26618607524760396,0,0.794063,0,0
2025-12-03 15:45:00,quarta-feira,quarta-feira,0.495185,0.495185,0.2293742626769582,0.229374,0.995,0.995000,0.2658107373230418,0,0.499815,0,0
2025-12-03 10:07:00,quarta-feira,quarta-feira,0.330164,0.330164,0.5940283418555617,0.594028,0.005,0.005000,0.26386434185556173,0,0.325164,0,0
2025-12-03 02:31:00,quarta-feira,quarta-feira,0.266813,0.266813,0.007324762139961512,0.007325,0.995,0.995000,0.2594882378600385,0,0.7281869999999999,0,0
2025-12-16 23:29:00,terça-feira,terca-feira,0.408758,0.408758,0.6678218251383904,0.667822,0.005,0.005000,0.2590638251383904,0,0.403758,0,0
2025-11-26 04:06:00,quarta-feira,quarta-feira,0.281829,0.281829,0.539148170011066,0.539148,0.995,0.995000,0.25731917001106597,0,0.713171,0,0
2025-11-26 11:27:00,quarta-feira,quarta-feira,0.154924,0.154924,0.41072387684694733,0.410724,0.005,0.005000,0.2557998768469473,0,0.149924,0,1
2025-12-23 08:41:00,terça-feira,terca-feira,0.253699,0.253699,0.005,0.005000,0.005,0.005000,0.248699,0,0.248699,0,0
2025-11-24 19:49:00,segunda-feira,segunda-feira,0.539683,0.539683,0.29276895943562614,0.292769,0.6666666666666666,0.666667,0.24691404056437388,0,0.1269836666666666,0,1
2025-12-08 12:33:00,segunda-feira,segunda-feira,0.539683,0.539683,0.29276895943562614,0.292769,0.6666666666666666,0.666667,0.24691404056437388,0,0.1269836666666666,0,1
2025-12-08 16:56:00,segunda-feira,segunda-feira,0.539683,0.539683,0.29276895943562614,0.292769,0.6666666666666666,0.666667,0.24691404056437388,0,0.1269836666666666,0,1
2025-12-03 10:49:00,quarta-feira,quarta-feira,0.364171,0.364171,0.6065790592824057,0.606579,0.995,0.995000,0.24240805928240572,0,0.630829,0,0
2025-12-09 12:14:00,terça-feira,terca-feira,0.245971,0.245971,0.005,0.005000,0.005,0.005000,0.240971,0,0.240971,0,0
2025-12-15 08:32:00,segunda-feira,segunda-feira,0.292769,0.292769,0.5308641975308642,0.530864,0.6666666666666666,0.666667,0.23809519753086422,0,0.37389766666666663,0,0
2025-11-24 20:49:00,segunda-feira,segunda-feira,0.292769,0.292769,0.5308641975308642,0.530864,0.19753086419753085,0.197531,0.23809519753086422,0,0.09523813580246915,0,1
2025-12-17 07:09:00,quarta-feira,quarta-feira,0.375219,0.375219,0.6123000483097045,0.612300,0.995,0.995000,0.2370810483097045,0,0.6197809999999999,0,0
2025-12-03 11:44:00,quarta-feira,quarta-feira,0.426376,0.426376,0.6623935646811949,0.662394,0.995,0.995000,0.23601756468119495,0,0.568624,0,0
2025-11-25 12:30:00,terça-feira,terca-feira,0.633706,0.633706,0.8696896350186514,0.869690,0.995,0.995000,0.23598363501865138,0,0.361294,0,0
2025-12-08 20:13:00,segunda-feira,segunda-feira,0.292769,0.292769,0.5284901541301797,0.528490,0.19753086419753085,0.197531,0.23572115413017974,0,0.09523813580246915,0,1
2025-12-08 09:58:00,segunda-feira,segunda-feira,0.431252,0.431252,0.6666666666666666,0.666667,0.6666666666666666,0.666667,0.2354146666666666,0,0.2354146666666666,0,0
2025-12-10 08:20:00,quarta-feira,quarta-feira,0.223315,0.223315,0.4565312635238655,0.456531,0.995,0.995000,0.2332162635238655,0,0.771685,0,0
2025-12-10 05:53:00,quarta-feira,quarta-feira,0.210727,0.210727,0.4433464134707818,0.443346,0.995,0.995000,0.2326194134707818,0,0.784273,0,0
2025-11-25 12:33:00,terça-feira,terca-feira,0.662774,0.662774,0.43674145496453726,0.436741,0.005,0.005000,0.22603254503546272,0,0.657774,0,0
2025-12-15 07:49:00,segunda-feira,segunda-feira,0.310507,0.310507,0.08641975308641975,0.086420,0.19753086419753085,0.197531,0.22408724691358023,0,0.11297613580246912,0,1
2025-11-26 07:11:00,quarta-feira,quarta-feira,0.227635,0.227635,0.4484020545625556,0.448402,0.005,0.005000,0.2207670545625556,0,0.222635,0,0
2025-12-23 11:47:00,terça-feira,terca-feira,0.709531,0.709531,0.48959301185429077,0.489593,0.995,0.995000,0.21993798814570925,0,0.285469,0,0
2025-12-16 22:43:00,terça-feira,terca-feira,0.678273,0.678273,0.8980255992996924,0.898026,0.995,0.995000,0.21975259929969237,0,0.316727,0,0
2025-12-03 10:47:00,quarta-feira,quarta-feira,0.280999,0.280999,0.49712189093747033,0.497122,0.005,0.005000,0.21612289093747034,0,0.275999,0,0
2025-12-09 04:06:00,terça-feira,terca-feira,0.756734,0.756734,0.540806899978692,0.540807,0.005,0.005000,0.215927100021308,0,0.751734,0,0
2025-12-03 07:43:00,quarta-feira,quarta-feira,0.44783,0.44783,0.6594577428961006,0.659458,0.995,0.995000,0.2116277428961006,0,0.5471699999999999,0,0
2025-12-03 07:30:00,quarta-feira,quarta-feira,0.419065,0.419065,0.6289421828767192,0.628942,0.995,0.995000,0.2098771828767192,0,0.575935,0,0
2025-12-09 06:01:00,terça-feira,terca-feira,0.186389,0.186389,0.3960862753328081,0.396086,0.005,0.005000,0.2096972753328081,0,0.181389,0,1
2025-12-16 15:47:00,terça-feira,terca-feira,0.631733,0.631733,0.8414020118944245,0.841402,0.995,0.995000,0.20966901189442455,0,0.363267,0,0
2025-12-15 05:57:00,segunda-feira,segunda-feira,0.330143,0.330143,0.5396825396825397,0.539683,0.6666666666666666,0.666667,0.20953953968253963,0,0.3365236666666666,0,0
2025-12-03 18:47:00,quarta-feira,quarta-feira,0.189971,0.189971,0.39738364205110405,0.397384,0.995,0.995000,0.20741264205110405,0,0.805029,0,0
2025-11-25 13:15:00,terça-feira,terca-feira,0.719995,0.719995,0.5126324724442143,0.512632,0.995,0.995000,0.20736252755578577,0,0.27500499999999994,0,0
2025-12-09 13:22:00,terça-feira,terca-feira,0.639943,0.639943,0.8471634967021662,0.847163,0.995,0.995000,0.20722049670216613,0,0.35505699999999996,0,0
2025-12-17 23:48:00,quarta-feira,quarta-feira,0.324746,0.324746,0.11759946809885917,0.117599,0.995,0.995000,0.2071465319011408,0,0.670254,0,0
2025-12-08 04:04:00,segunda-feira,segunda-feira,0.570834,0.570834,0.7777777777777777,0.777778,0.6666666666666666,0.666667,0.20694377777777773,0,0.09583266666666668,0,1
2025-12-01 19:02:00,segunda-feira,segunda-feira,0.292769,0.292769,0.08641975308641975,0.086420,0.19753086419753085,0.197531,0.20634924691358025,0,0.09523813580246915,0,1
2025-12-08 23:13:00,segunda-feira,segunda-feira,0.292769,0.292769,0.08641975308641975,0.086420,0.6666666666666666,0.666667,0.20634924691358025,0,0.37389766666666663,0,0
2025-12-22 23:37:00,segunda-feira,segunda-feira,0.292769,0.292769,0.08641975308641975,0.086420,0.6666666666666666,0.666667,0.20634924691358025,0,0.37389766666666663,0,0
2025-12-01 16:23:00,segunda-feira,segunda-feira,0.292769,0.292769,0.08641975308641975,0.086420,0.6666666666666666,0.666667,0.20634924691358025,0,0.37389766666666663,0,0
2025-12-22 22:11:00,segunda-feira,segunda-feira,0.292769,0.292769,0.08641975308641975,0.086420,0.6666666666666666,0.666667,0.20634924691358025,0,0.37389766666666663,0,0
2025-12-01 16:54:00,segunda-feira,segunda-feira,0.292769,0.292769,0.08641975308641975,0.086420,0.6666666666666666,0.666667,0.20634924691358025,0,0.37389766666666663,0,0
2025-11-24 18:07:00,segunda-feira,segunda-feira,0.292769,0.292769,0.08641975308641975,0.086420,0.6666666666666666,0.666667,0.20634924691358025,0,0.37389766666666663,0,0
2025-11-24 12:45:00,segunda-feira,segunda-feira,0.292769,0.292769,0.08641975308641975,0.086420,0.08641975308641975,0.086420,0.20634924691358025,0,0.20634924691358025,0,0
2025-12-08 14:09:00,segunda-feira,segunda-feira,0.292769,0.292769,0.08641975308641975,0.086420,0.6666666666666666,0.666667,0.20634924691358025,0,0.37389766666666663,0,0
2025-12-08 10:42:00,segunda-feira,segunda-feira,0.292769,0.292769,0.08641975308641975,0.086420,0.19753086419753085,0.197531,0.20634924691358025,0,0.09523813580246915,0,1
2025-12-08 11:21:00,segunda-feira,segunda-feira,0.292769,0.292769,0.08641975308641975,0.086420,0.6666666666666666,0.666667,0.20634924691358025,0,0.37389766666666663,0,0
2025-11-24 20:09:00,segunda-feira,segunda-feira,0.292769,0.292769,0.08641975308641975,0.086420,0.08641975308641975,0.086420,0.20634924691358025,0,0.20634924691358025,0,0
2025-11-26 10:54:00,quarta-feira,quarta-feira,0.453803,0.453803,0.659413627770411,0.659414,0.995,0.995000,0.205610627770411,0,0.5411969999999999,0,0
2025-11-26 11:52:00,quarta-feira,quarta-feira,0.157894,0.157894,0.3614487949941001,0.361449,0.995,0.995000,0.2035547949941001,0,0.837106,0,0
2025-12-03 18:49:00,quarta-feira,quarta-feira,0.257284,0.257284,0.45941833955708505,0.459418,0.995,0.995000,0.20213433955708504,0,0.737716,0,0
2025-11-25 17:45:00,terça-feira,terca-feira,0.522937,0.522937,0.7250597604133928,0.725060,0.005,0.005000,0.20212276041339283,0,0.517937,0,0
2025-11-26 18:32:00,quarta-feira,quarta-feira,0.260645,0.260645,0.4574158808121231,0.457416,0.995,0.995000,0.19677088081212307,0,0.734355,0,0
2025-12-03 02:32:00,quarta-feira,quarta-feira,0.355698,0.355698,0.5508684994858534,0.550868,0.995,0.995000,0.19517049948585335,0,0.639302,0,0
2025-12-02 05:17:00,terça-feira,terca-feira,0.550574,0.550574,0.7448052158819692,0.744805,0.005,0.005000,0.19423121588196923,0,0.545574,0,0
2025-12-02 07:43:00,terça-feira,terca-feira,0.706273,0.706273,0.9001677871366109,0.900168,0.995,0.995000,0.1938947871366109,0,0.28872699999999996,0,0
2025-11-26 07:23:00,quarta-feira,quarta-feira,0.177819,0.177819,0.3713320570941271,0.371332,0.995,0.995000,0.19351305709412708,0,0.8171809999999999,0,0
2025-12-03 14:41:00,quarta-feira,quarta-feira,0.587007,0.587007,0.3938412265518953,0.393841,0.995,0.995000,0.19316577344810465,0,0.40799300000000005,0,0
2025-12-08 23:14:00,segunda-feira,segunda-feira,0.292769,0.292769,0.4846645170488506,0.484665,0.6666666666666666,0.666667,0.1918955170488506,0,0.37389766666666663,0,0
2025-12-10 14:15:00,quarta-feira,quarta-feira,0.571778,0.571778,0.7633970478313294,0.763397,0.995,0.995000,0.19161904783132944,0,0.423222,0,0
2025-12-02 18:10:00,terça-feira,terca-feira,0.591659,0.591659,0.77720274681725,0.777203,0.005,0.005000,0.18554374681724994,0,0.586659,0,0
2025-12-09 07:40:00,terça-feira,terca-feira,0.190439,0.190439,0.005,0.005000,0.005,0.005000,0.185439,0,0.185439,0,0
2025-11-25 12:13:00,terça-feira,terca-feira,0.629582,0.629582,0.8146928644574946,0.814693,0.995,0.995000,0.18511086445749458,0,0.365418,0,0
2025-12-02 14:16:00,terça-feira,terca-feira,0.497716,0.497716,0.6822905497583989,0.682291,0.005,0.005000,0.18457454975839888,0,0.492716,0,0
2025-12-01 17:04:00,segunda-feira,segunda-feira,0.539683,0.539683,0.7207724882404078,0.720772,0.6666666666666666,0.666667,0.18108948824040783,0,0.1269836666666666,0,1
2025-12-02 17:52:00,terça-feira,terca-feira,0.344115,0.344115,0.5250266055279188,0.525027,0.005,0.005000,0.1809116055279188,0,0.339115,0,0
2025-11-25 05:15:00,terça-feira,terca-feira,0.628588,0.628588,0.4482471166429048,0.448247,0.005,0.005000,0.18034088335709525,0,0.623588,0,0
2025-11-25 13:13:00,terça-feira,terca-feira,0.636593,0.636593,0.8162555607964236,0.816256,0.005,0.005000,0.17966256079642362,0,0.631593,0,0
2025-12-17 09:04:00,quarta-feira,quarta-feira,0.453743,0.453743,0.6326890504583191,0.632689,0.005,0.005000,0.17894605045831913,0,0.448743,0,0
2025-12-10 09:44:00,quarta-feira,quarta-feira,0.186043,0.186043,0.008015524734275218,0.008016,0.005,0.005000,0.17802747526572477,0,0.18104299999999998,0,0
2025-12-03 04:05:00,quarta-feira,quarta-feira,0.182231,0.182231,0.005,0.005000,0.995,0.995000,0.177231,0,0.812769,0,0
2025-11-25 13:44:00,terça-feira,terca-feira,0.237003,0.237003,0.41314599531889484,0.413146,0.005,0.005000,0.17614299531889485,0,0.232003,0,0
2025-11-25 12:25:00,terça-feira,terca-feira,0.73917,0.73917,0.5635371324261085,0.563537,0.005,0.005000,0.17563286757389152,0,0.73417,0,0
2025-11-25 09:38:00,terça-feira,terca-feira,0.534181,0.534181,0.35915825811769964,0.359158,0.005,0.005000,0.17502274188230038,0,0.529181,0,0
2025-11-25 16:36:00,terça-feira,terca-feira,0.626663,0.626663,0.45528588755003924,0.455286,0.005,0.005000,0.17137711244996073,0,0.621663,0,0
2025-12-02 19:02:00,terça-feira,terca-feira,0.300425,0.300425,0.13043620558602262,0.130436,0.005,0.005000,0.16998879441397738,0,0.295425,0,0
2025-11-25 11:30:00,terça-feira,terca-feira,0.825762,0.825762,0.995,0.995000,0.995,0.995000,0.169238,0,0.169238,0,0
2025-12-01 04:07:00,segunda-feira,segunda-feira,0.181658,0.181658,0.350198574963065,0.350199,0.6666666666666666,0.666667,0.16854057496306502,0,0.48500866666666664,0,0
2025-11-26 05:15:00,quarta-feira,quarta-feira,0.11643,0.11643,0.2848190324375856,0.284819,0.995,0.995000,0.1683890324375856,0,0.87857,0,0
2025-11-25 12:38:00,terça-feira,terca-feira,0.535567,0.535567,0.7017800759975525,0.701780,0.005,0.005000,0.16621307599755253,0,0.530567,0,0
