test_week,train_weeks,bet_type,dow_pt,score_col,cutoff,stake_frac,cap_max,alpha_global,status,rule_key,roi_bias_adj_used,alpha_regime,alpha_effective
2025-09-29/2025-10-05,10,FT,segunda-feira,proba_raw_segunda,1.0,0.0,inf,1.0,too_few_weeks,FT|segunda-feira,0.0,1.0,1.0
2025-09-29/2025-10-05,10,FT,terça-feira,proba_raw_terca,1.0,0.0,inf,1.0,too_few_weeks,FT|terça-feira,0.0,1.0,1.0
2025-09-29/2025-10-05,10,FT,quarta-feira,proba_raw_quarta,1.0,0.0,inf,1.0,too_few_weeks,FT|quarta-feira,0.0,1.0,1.0
2025-09-29/2025-10-05,10,FT,quinta-feira,proba_cal_segqui,1.0,0.0,inf,1.0,too_few_weeks,FT|quinta-feira,0.0,1.0,1.0
2025-09-29/2025-10-05,10,FT,sexta-feira,proba_cal_sexdom,1.0,0.0,inf,1.0,no_candidate,FT|sexta-feira,0.0,1.0,1.0
2025-09-29/2025-10-05,10,FT,sábado,proba_cal_sexdom,1.0,0.0,inf,1.0,no_candidate,FT|sábado,0.0,1.0,1.0
2025-09-29/2025-10-05,10,FT,domingo,proba_cal_sexdom,1.0,0.0,inf,1.0,too_few_weeks,FT|domingo,0.0,1.0,1.0
2025-09-29/2025-10-05,10,FH,segunda-feira,proba_raw_segunda,1.0,0.0,inf,1.0,no_data,FH|segunda-feira,0.0,1.0,1.0
2025-09-29/2025-10-05,10,FH,terça-feira,proba_raw_terca,1.0,0.0,inf,1.0,too_few_weeks,FH|terça-feira,0.0,1.0,1.0
2025-09-29/2025-10-05,10,FH,quarta-feira,proba_raw_quarta,1.0,0.0,inf,1.0,too_few_weeks,FH|quarta-feira,0.0,1.0,1.0
2025-09-29/2025-10-05,10,FH,quinta-feira,proba_cal_segqui,1.0,0.0,inf,1.0,too_few_weeks,FH|quinta-feira,0.0,1.0,1.0
2025-09-29/2025-10-05,10,FH,sexta-feira,proba_cal_sexdom,1.0,0.0,inf,1.0,no_candidate,FH|sexta-feira,0.0,1.0,1.0
2025-09-29/2025-10-05,10,FH,sábado,proba_cal_sexdom,1.0,0.0,inf,1.0,too_few_weeks,FH|sábado,0.0,1.0,1.0
2025-09-29/2025-10-05,10,FH,domingo,proba_cal_sexdom,1.0,0.0,inf,1.0,too_few_weeks,FH|domingo,0.0,1.0,1.0
2025-10-06/2025-10-12,11,FT,segunda-feira,proba_raw_segunda,1.0,0.0,inf,1.0,too_few_weeks,FT|segunda-feira,0.0,1.0,1.0
2025-10-06/2025-10-12,11,FT,terça-feira,proba_raw_terca,1.0,0.0,inf,1.0,too_few_weeks,FT|terça-feira,0.0,1.0,1.0
2025-10-06/2025-10-12,11,FT,quarta-feira,proba_raw_quarta,1.0,0.0,inf,1.0,too_few_weeks,FT|quarta-feira,0.0,1.0,1.0
2025-10-06/2025-10-12,11,FT,quinta-feira,proba_cal_segqui,1.0,0.0,inf,1.0,no_candidate,FT|quinta-feira,0.0,1.0,1.0
2025-10-06/2025-10-12,11,FT,sexta-feira,proba_cal_sexdom,1.0,0.0,inf,1.0,no_candidate,FT|sexta-feira,0.0,1.0,1.0
2025-10-06/2025-10-12,11,FT,sábado,proba_cal_sexdom,1.0,0.0,inf,1.0,no_candidate,FT|sábado,0.0,1.0,1.0
2025-10-06/2025-10-12,11,FT,domingo,proba_cal_sexdom,1.0,0.0,inf,1.0,no_candidate,FT|domingo,0.0,1.0,1.0
2025-10-06/2025-10-12,11,FH,segunda-feira,proba_raw_segunda,1.0,0.0,inf,1.0,no_data,FH|segunda-feira,0.0,1.0,1.0
2025-10-06/2025-10-12,11,FH,terça-feira,proba_raw_terca,1.0,0.0,inf,1.0,too_few_weeks,FH|terça-feira,0.0,1.0,1.0
2025-10-06/2025-10-12,11,FH,quarta-feira,proba_raw_quarta,1.0,0.0,inf,1.0,too_few_weeks,FH|quarta-feira,0.0,1.0,1.0
2025-10-06/2025-10-12,11,FH,quinta-feira,proba_cal_segqui,1.0,0.0,inf,1.0,no_candidate,FH|quinta-feira,0.0,1.0,1.0
2025-10-06/2025-10-12,11,FH,sexta-feira,proba_cal_sexdom,1.0,0.0,inf,1.0,no_candidate,FH|sexta-feira,0.0,1.0,1.0
2025-10-06/2025-10-12,11,FH,sábado,proba_cal_sexdom,1.0,0.0,inf,1.0,no_candidate,FH|sábado,0.0,1.0,1.0
2025-10-06/2025-10-12,11,FH,domingo,proba_cal_sexdom,1.0,0.0,inf,1.0,too_few_weeks,FH|domingo,0.0,1.0,1.0
2025-10-13/2025-10-19,12,FT,segunda-feira,proba_raw_segunda,1.0,0.0,inf,1.0,too_few_weeks,FT|segunda-feira,0.0,1.0,1.0
2025-10-13/2025-10-19,12,FT,terça-feira,proba_raw_terca,1.0,0.0,inf,1.0,too_few_weeks,FT|terça-feira,0.0,1.0,1.0
2025-10-13/2025-10-19,12,FT,quarta-feira,proba_raw_quarta,1.0,0.0,inf,1.0,too_few_weeks,FT|quarta-feira,0.0,1.0,1.0
2025-10-13/2025-10-19,12,FT,quinta-feira,proba_cal_segqui,1.0,0.0,inf,1.0,no_candidate,FT|quinta-feira,0.0,1.0,1.0
2025-10-13/2025-10-19,12,FT,sexta-feira,proba_cal_sexdom,1.0,0.0,inf,1.0,no_candidate,FT|sexta-feira,0.0,1.0,1.0
2025-10-13/2025-10-19,12,FT,sábado,proba_cal_sexdom,1.0,0.0,inf,1.0,no_candidate,FT|sábado,0.0,1.0,1.0
2025-10-13/2025-10-19,12,FT,domingo,proba_cal_sexdom,1.0,0.0,inf,1.0,no_candidate,FT|domingo,0.0,1.0,1.0
2025-10-13/2025-10-19,12,FH,segunda-feira,proba_raw_segunda,1.0,0.0,inf,1.0,no_data,FH|segunda-feira,0.0,1.0,1.0
2025-10-13/2025-10-19,12,FH,terça-feira,proba_raw_terca,1.0,0.0,inf,1.0,too_few_weeks,FH|terça-feira,0.0,1.0,1.0
2025-10-13/2025-10-19,12,FH,quarta-feira,proba_raw_quarta,1.0,0.0,inf,1.0,too_few_weeks,FH|quarta-feira,0.0,1.0,1.0
2025-10-13/2025-10-19,12,FH,quinta-feira,proba_cal_segqui,1.0,0.0,inf,1.0,no_candidate,FH|quinta-feira,0.0,1.0,1.0
2025-10-13/2025-10-19,12,FH,sexta-feira,proba_cal_sexdom,1.0,0.0,inf,1.0,no_candidate,FH|sexta-feira,0.0,1.0,1.0
2025-10-13/2025-10-19,12,FH,sábado,proba_cal_sexdom,1.0,0.0,inf,1.0,no_candidate,FH|sábado,0.0,1.0,1.0
2025-10-13/2025-10-19,12,FH,domingo,proba_cal_sexdom,1.0,0.0,inf,1.0,no_candidate,FH|domingo,0.0,1.0,1.0
2025-10-20/2025-10-26,12,FT,segunda-feira,proba_raw_segunda,1.0,0.0,inf,0.8616388440132141,too_few_weeks,FT|segunda-feira,0.0,1.0,0.8616388440132141
2025-10-20/2025-10-26,12,FT,terça-feira,proba_raw_terca,1.0,0.0,inf,0.8616388440132141,too_few_weeks,FT|terça-feira,0.0,1.0,0.8616388440132141
2025-10-20/2025-10-26,12,FT,quarta-feira,proba_raw_quarta,1.0,0.0,inf,0.8616388440132141,too_few_weeks,FT|quarta-feira,0.0,1.0,0.8616388440132141
2025-10-20/2025-10-26,12,FT,quinta-feira,proba_cal_segqui,0.11,0.01,inf,0.8616388440132141,ok,FT|quinta-feira,0.0,1.0,0.8616388440132141
2025-10-20/2025-10-26,12,FT,sexta-feira,proba_cal_sexdom,1.0,0.0,inf,0.8616388440132141,no_candidate,FT|sexta-feira,0.0,1.0,0.8616388440132141
2025-10-20/2025-10-26,12,FT,sábado,proba_cal_sexdom,1.0,0.0,inf,0.8616388440132141,no_candidate,FT|sábado,0.0,1.0,0.8616388440132141
2025-10-20/2025-10-26,12,FT,domingo,proba_cal_sexdom,1.0,0.0,inf,0.8616388440132141,no_candidate,FT|domingo,0.0,1.0,0.8616388440132141
2025-10-20/2025-10-26,12,FH,segunda-feira,proba_raw_segunda,1.0,0.0,inf,0.8616388440132141,too_few_weeks,FH|segunda-feira,0.0,1.0,0.8616388440132141
2025-10-20/2025-10-26,12,FH,terça-feira,proba_raw_terca,1.0,0.0,inf,0.8616388440132141,too_few_weeks,FH|terça-feira,0.0,1.0,0.8616388440132141
2025-10-20/2025-10-26,12,FH,quarta-feira,proba_raw_quarta,1.0,0.0,inf,0.8616388440132141,too_few_weeks,FH|quarta-feira,0.0,1.0,0.8616388440132141
2025-10-20/2025-10-26,12,FH,quinta-feira,proba_cal_segqui,0.19,0.03,inf,0.8616388440132141,ok,FH|quinta-feira,0.0,1.0,0.8616388440132141
2025-10-20/2025-10-26,12,FH,sexta-feira,proba_cal_sexdom,1.0,0.0,inf,0.8616388440132141,no_candidate,FH|sexta-feira,0.0,1.0,0.8616388440132141
2025-10-20/2025-10-26,12,FH,sábado,proba_cal_sexdom,1.0,0.0,inf,0.8616388440132141,no_candidate,FH|sábado,0.0,1.0,0.8616388440132141
2025-10-20/2025-10-26,12,FH,domingo,proba_cal_sexdom,1.0,0.0,inf,0.8616388440132141,no_candidate,FH|domingo,0.0,1.0,0.8616388440132141
2025-10-27/2025-11-02,12,FT,segunda-feira,proba_raw_segunda,1.0,0.0,inf,1.0,too_few_weeks,FT|segunda-feira,0.0,1.0,1.0
2025-10-27/2025-11-02,12,FT,terça-feira,proba_raw_terca,1.0,0.0,inf,1.0,no_candidate,FT|terça-feira,0.0,1.0,1.0
2025-10-27/2025-11-02,12,FT,quarta-feira,proba_raw_quarta,1.0,0.0,inf,1.0,no_candidate,FT|quarta-feira,0.0,1.0,1.0
2025-10-27/2025-11-02,12,FT,quinta-feira,proba_cal_segqui,1.0,0.0,inf,1.0,no_candidate,FT|quinta-feira,0.0,1.0,1.0
2025-10-27/2025-11-02,12,FT,sexta-feira,proba_cal_sexdom,1.0,0.0,inf,1.0,no_candidate,FT|sexta-feira,0.0,1.0,1.0
2025-10-27/2025-11-02,12,FT,sábado,proba_cal_sexdom,1.0,0.0,inf,1.0,no_candidate,FT|sábado,0.0,1.0,1.0
2025-10-27/2025-11-02,12,FT,domingo,proba_cal_sexdom,1.0,0.0,inf,1.0,no_candidate,FT|domingo,0.0,1.0,1.0
2025-10-27/2025-11-02,12,FH,segunda-feira,proba_raw_segunda,1.0,0.0,inf,1.0,too_few_weeks,FH|segunda-feira,0.0,1.0,1.0
2025-10-27/2025-11-02,12,FH,terça-feira,proba_raw_terca,1.0,0.0,inf,1.0,too_few_weeks,FH|terça-feira,0.0,1.0,1.0
2025-10-27/2025-11-02,12,FH,quarta-feira,proba_raw_quarta,1.0,0.0,inf,1.0,no_candidate,FH|quarta-feira,0.0,1.0,1.0
2025-10-27/2025-11-02,12,FH,quinta-feira,proba_cal_segqui,1.0,0.0,inf,1.0,no_candidate,FH|quinta-feira,0.0,1.0,1.0
2025-10-27/2025-11-02,12,FH,sexta-feira,proba_cal_sexdom,1.0,0.0,inf,1.0,no_candidate,FH|sexta-feira,0.0,1.0,1.0
2025-10-27/2025-11-02,12,FH,sábado,proba_cal_sexdom,1.0,0.0,inf,1.0,no_candidate,FH|sábado,0.0,1.0,1.0
2025-10-27/2025-11-02,12,FH,domingo,proba_cal_sexdom,1.0,0.0,inf,1.0,no_candidate,FH|domingo,0.0,1.0,1.0
2025-11-03/2025-11-09,12,FT,segunda-feira,proba_raw_segunda,1.0,0.0,inf,0.6767485737800598,too_few_weeks,FT|segunda-feira,0.0,1.0,0.6767485737800598
2025-11-03/2025-11-09,12,FT,terça-feira,proba_raw_terca,1.0,0.0,inf,0.6767485737800598,no_candidate,FT|terça-feira,0.0,1.0,0.6767485737800598
2025-11-03/2025-11-09,12,FT,quarta-feira,proba_raw_quarta,0.29,0.05,inf,0.6767485737800598,ok,FT|quarta-feira,0.0,1.0,0.6767485737800598
2025-11-03/2025-11-09,12,FT,quinta-feira,proba_cal_segqui,1.0,0.0,inf,0.6767485737800598,no_candidate,FT|quinta-feira,0.0,1.0,0.6767485737800598
2025-11-03/2025-11-09,12,FT,sexta-feira,proba_cal_sexdom,1.0,0.0,inf,0.6767485737800598,no_candidate,FT|sexta-feira,0.0,1.0,0.6767485737800598
2025-11-03/2025-11-09,12,FT,sábado,proba_cal_sexdom,1.0,0.0,inf,0.6767485737800598,no_candidate,FT|sábado,0.0,1.0,0.6767485737800598
2025-11-03/2025-11-09,12,FT,domingo,proba_cal_sexdom,1.0,0.0,inf,0.6767485737800598,no_candidate,FT|domingo,0.0,1.0,0.6767485737800598
2025-11-03/2025-11-09,12,FH,segunda-feira,proba_raw_segunda,1.0,0.0,inf,0.6767485737800598,too_few_weeks,FH|segunda-feira,0.0,1.0,0.6767485737800598
2025-11-03/2025-11-09,12,FH,terça-feira,proba_raw_terca,1.0,0.0,inf,0.6767485737800598,no_candidate,FH|terça-feira,0.0,1.0,0.6767485737800598
2025-11-03/2025-11-09,12,FH,quarta-feira,proba_raw_quarta,0.05,0.02,inf,0.6767485737800598,ok,FH|quarta-feira,0.0,1.0,0.6767485737800598
2025-11-03/2025-11-09,12,FH,quinta-feira,proba_cal_segqui,1.0,0.0,inf,0.6767485737800598,no_candidate,FH|quinta-feira,0.0,1.0,0.6767485737800598
2025-11-03/2025-11-09,12,FH,sexta-feira,proba_cal_sexdom,1.0,0.0,inf,0.6767485737800598,no_candidate,FH|sexta-feira,0.0,1.0,0.6767485737800598
2025-11-03/2025-11-09,12,FH,sábado,proba_cal_sexdom,1.0,0.0,inf,0.6767485737800598,no_candidate,FH|sábado,0.0,1.0,0.6767485737800598
2025-11-03/2025-11-09,12,FH,domingo,proba_cal_sexdom,1.0,0.0,inf,0.6767485737800598,no_candidate,FH|domingo,0.0,1.0,0.6767485737800598
2025-11-10/2025-11-16,12,FT,segunda-feira,proba_raw_segunda,1.0,0.0,inf,0.6215238571166992,too_few_weeks,FT|segunda-feira,0.0,1.0,0.6215238571166992
2025-11-10/2025-11-16,12,FT,terça-feira,proba_raw_terca,1.0,0.0,inf,0.6215238571166992,no_candidate,FT|terça-feira,0.0,1.0,0.6215238571166992
2025-11-10/2025-11-16,12,FT,quarta-feira,proba_raw_quarta,0.29,0.05,inf,0.6215238571166992,ok,FT|quarta-feira,0.0,1.0,0.6215238571166992
2025-11-10/2025-11-16,12,FT,quinta-feira,proba_cal_segqui,1.0,0.0,inf,0.6215238571166992,no_candidate,FT|quinta-feira,0.0,1.0,0.6215238571166992
2025-11-10/2025-11-16,12,FT,sexta-feira,proba_cal_sexdom,1.0,0.0,inf,0.6215238571166992,no_candidate,FT|sexta-feira,0.0,1.0,0.6215238571166992
2025-11-10/2025-11-16,12,FT,sábado,proba_cal_sexdom,1.0,0.0,inf,0.6215238571166992,no_candidate,FT|sábado,0.0,1.0,0.6215238571166992
2025-11-10/2025-11-16,12,FT,domingo,proba_cal_sexdom,1.0,0.0,inf,0.6215238571166992,no_candidate,FT|domingo,0.0,1.0,0.6215238571166992
2025-11-10/2025-11-16,12,FH,segunda-feira,proba_raw_segunda,1.0,0.0,inf,0.6215238571166992,too_few_weeks,FH|segunda-feira,0.0,1.0,0.6215238571166992
2025-11-10/2025-11-16,12,FH,terça-feira,proba_raw_terca,1.0,0.0,inf,0.6215238571166992,no_candidate,FH|terça-feira,0.0,1.0,0.6215238571166992
2025-11-10/2025-11-16,12,FH,quarta-feira,proba_raw_quarta,0.05,0.02,inf,0.6215238571166992,ok,FH|quarta-feira,0.0,1.0,0.6215238571166992
2025-11-10/2025-11-16,12,FH,quinta-feira,proba_cal_segqui,1.0,0.0,inf,0.6215238571166992,no_candidate,FH|quinta-feira,0.0,1.0,0.6215238571166992
2025-11-10/2025-11-16,12,FH,sexta-feira,proba_cal_sexdom,1.0,0.0,inf,0.6215238571166992,no_candidate,FH|sexta-feira,0.0,1.0,0.6215238571166992
2025-11-10/2025-11-16,12,FH,sábado,proba_cal_sexdom,1.0,0.0,inf,0.6215238571166992,no_candidate,FH|sábado,0.0,1.0,0.6215238571166992
2025-11-10/2025-11-16,12,FH,domingo,proba_cal_sexdom,1.0,0.0,inf,0.6215238571166992,no_candidate,FH|domingo,0.0,1.0,0.6215238571166992
2025-11-17/2025-11-23,12,FT,segunda-feira,proba_raw_segunda,1.0,0.0,inf,0.7805957794189453,too_few_weeks,FT|segunda-feira,0.0,1.0,0.7805957794189453
2025-11-17/2025-11-23,12,FT,terça-feira,proba_raw_terca,1.0,0.0,inf,0.7805957794189453,no_candidate,FT|terça-feira,0.0,1.0,0.7805957794189453
2025-11-17/2025-11-23,12,FT,quarta-feira,proba_raw_quarta,0.37,0.06,632.0,0.7805957794189453,ok,FT|quarta-feira,0.0,1.0,0.7805957794189453
2025-11-17/2025-11-23,12,FT,quinta-feira,proba_cal_segqui,1.0,0.0,inf,0.7805957794189453,no_candidate,FT|quinta-feira,0.0,1.0,0.7805957794189453
2025-11-17/2025-11-23,12,FT,sexta-feira,proba_cal_sexdom,1.0,0.0,inf,0.7805957794189453,no_candidate,FT|sexta-feira,0.0,1.0,0.7805957794189453
2025-11-17/2025-11-23,12,FT,sábado,proba_cal_sexdom,1.0,0.0,inf,0.7805957794189453,no_candidate,FT|sábado,0.0,1.0,0.7805957794189453
2025-11-17/2025-11-23,12,FT,domingo,proba_cal_sexdom,1.0,0.0,inf,0.7805957794189453,no_candidate,FT|domingo,0.0,1.0,0.7805957794189453
2025-11-17/2025-11-23,12,FH,segunda-feira,proba_raw_segunda,1.0,0.0,inf,0.7805957794189453,too_few_weeks,FH|segunda-feira,0.0,1.0,0.7805957794189453
2025-11-17/2025-11-23,12,FH,terça-feira,proba_raw_terca,1.0,0.0,inf,0.7805957794189453,no_candidate,FH|terça-feira,0.0,1.0,0.7805957794189453
2025-11-17/2025-11-23,12,FH,quarta-feira,proba_raw_quarta,0.05,0.02,inf,0.7805957794189453,ok,FH|quarta-feira,0.0,1.0,0.7805957794189453
2025-11-17/2025-11-23,12,FH,quinta-feira,proba_cal_segqui,1.0,0.0,inf,0.7805957794189453,no_candidate,FH|quinta-feira,0.0,1.0,0.7805957794189453
2025-11-17/2025-11-23,12,FH,sexta-feira,proba_cal_sexdom,1.0,0.0,inf,0.7805957794189453,no_candidate,FH|sexta-feira,0.0,1.0,0.7805957794189453
2025-11-17/2025-11-23,12,FH,sábado,proba_cal_sexdom,1.0,0.0,inf,0.7805957794189453,no_candidate,FH|sábado,0.0,1.0,0.7805957794189453
2025-11-17/2025-11-23,12,FH,domingo,proba_cal_sexdom,1.0,0.0,inf,0.7805957794189453,no_candidate,FH|domingo,0.0,1.0,0.7805957794189453
2025-11-24/2025-11-30,12,FT,segunda-feira,proba_raw_segunda,1.0,0.0,inf,0.7805957794189453,no_candidate,FT|segunda-feira,0.0,1.0,0.7805957794189453
2025-11-24/2025-11-30,12,FT,terça-feira,proba_raw_terca,1.0,0.0,inf,0.7805957794189453,no_candidate,FT|terça-feira,0.0,1.0,0.7805957794189453
2025-11-24/2025-11-30,12,FT,quarta-feira,proba_raw_quarta,0.37,0.06,632.0,0.7805957794189453,ok,FT|quarta-feira,0.0,1.0,0.7805957794189453
2025-11-24/2025-11-30,12,FT,quinta-feira,proba_cal_segqui,1.0,0.0,inf,0.7805957794189453,no_candidate,FT|quinta-feira,0.0,1.0,0.7805957794189453
2025-11-24/2025-11-30,12,FT,sexta-feira,proba_cal_sexdom,1.0,0.0,inf,0.7805957794189453,no_candidate,FT|sexta-feira,0.0,1.0,0.7805957794189453
2025-11-24/2025-11-30,12,FT,sábado,proba_cal_sexdom,1.0,0.0,inf,0.7805957794189453,no_candidate,FT|sábado,0.0,1.0,0.7805957794189453
2025-11-24/2025-11-30,12,FT,domingo,proba_cal_sexdom,1.0,0.0,inf,0.7805957794189453,no_candidate,FT|domingo,0.0,1.0,0.7805957794189453
2025-11-24/2025-11-30,12,FH,segunda-feira,proba_raw_segunda,1.0,0.0,inf,0.7805957794189453,too_few_weeks,FH|segunda-feira,0.0,1.0,0.7805957794189453
2025-11-24/2025-11-30,12,FH,terça-feira,proba_raw_terca,1.0,0.0,inf,0.7805957794189453,no_candidate,FH|terça-feira,0.0,1.0,0.7805957794189453
2025-11-24/2025-11-30,12,FH,quarta-feira,proba_raw_quarta,0.05,0.02,inf,0.7805957794189453,ok,FH|quarta-feira,0.0,1.0,0.7805957794189453
2025-11-24/2025-11-30,12,FH,quinta-feira,proba_cal_segqui,1.0,0.0,inf,0.7805957794189453,no_candidate,FH|quinta-feira,0.0,1.0,0.7805957794189453
2025-11-24/2025-11-30,12,FH,sexta-feira,proba_cal_sexdom,1.0,0.0,inf,0.7805957794189453,no_candidate,FH|sexta-feira,0.0,1.0,0.7805957794189453
2025-11-24/2025-11-30,12,FH,sábado,proba_cal_sexdom,1.0,0.0,inf,0.7805957794189453,no_candidate,FH|sábado,0.0,1.0,0.7805957794189453
2025-11-24/2025-11-30,12,FH,domingo,proba_cal_sexdom,1.0,0.0,inf,0.7805957794189453,no_candidate,FH|domingo,0.0,1.0,0.7805957794189453
2025-12-01/2025-12-07,12,FT,segunda-feira,proba_raw_segunda,1.0,0.0,inf,1.0,no_candidate,FT|segunda-feira,0.0,1.0,1.0
2025-12-01/2025-12-07,12,FT,terça-feira,proba_raw_terca,1.0,0.0,inf,1.0,no_candidate,FT|terça-feira,0.0,1.0,1.0
2025-12-01/2025-12-07,12,FT,quarta-feira,proba_raw_quarta,0.37,0.06,632.0,1.0,ok,FT|quarta-feira,0.0,1.0,1.0
2025-12-01/2025-12-07,12,FT,quinta-feira,proba_cal_segqui,1.0,0.0,inf,1.0,no_candidate,FT|quinta-feira,0.0,1.0,1.0
2025-12-01/2025-12-07,12,FT,sexta-feira,proba_cal_sexdom,1.0,0.0,inf,1.0,no_candidate,FT|sexta-feira,0.0,1.0,1.0
2025-12-01/2025-12-07,12,FT,sábado,proba_cal_sexdom,1.0,0.0,inf,1.0,no_candidate,FT|sábado,0.0,1.0,1.0
2025-12-01/2025-12-07,12,FT,domingo,proba_cal_sexdom,1.0,0.0,inf,1.0,no_candidate,FT|domingo,0.0,1.0,1.0
2025-12-01/2025-12-07,12,FH,segunda-feira,proba_raw_segunda,1.0,0.0,inf,1.0,no_candidate,FH|segunda-feira,0.0,1.0,1.0
2025-12-01/2025-12-07,12,FH,terça-feira,proba_raw_terca,1.0,0.0,inf,1.0,no_candidate,FH|terça-feira,0.0,1.0,1.0
2025-12-01/2025-12-07,12,FH,quarta-feira,proba_raw_quarta,1.0,0.0,inf,1.0,no_candidate,FH|quarta-feira,0.0,1.0,1.0
2025-12-01/2025-12-07,12,FH,quinta-feira,proba_cal_segqui,1.0,0.0,inf,1.0,no_candidate,FH|quinta-feira,0.0,1.0,1.0
2025-12-01/2025-12-07,12,FH,sexta-feira,proba_cal_sexdom,1.0,0.0,inf,1.0,no_candidate,FH|sexta-feira,0.0,1.0,1.0
2025-12-01/2025-12-07,12,FH,sábado,proba_cal_sexdom,1.0,0.0,inf,1.0,no_candidate,FH|sábado,0.0,1.0,1.0
2025-12-01/2025-12-07,12,FH,domingo,proba_cal_sexdom,1.0,0.0,inf,1.0,no_candidate,FH|domingo,0.0,1.0,1.0
2025-12-08/2025-12-14,12,FT,segunda-feira,proba_raw_segunda,0.05,0.02,612.5999999999999,1.0,ok,FT|segunda-feira,0.0,1.0,1.0
2025-12-08/2025-12-14,12,FT,terça-feira,proba_raw_terca,1.0,0.0,inf,1.0,no_candidate,FT|terça-feira,0.0,1.0,1.0
2025-12-08/2025-12-14,12,FT,quarta-feira,proba_raw_quarta,0.37,0.06,632.0,1.0,ok,FT|quarta-feira,0.0,1.0,1.0
2025-12-08/2025-12-14,12,FT,quinta-feira,proba_cal_segqui,1.0,0.0,inf,1.0,no_candidate,FT|quinta-feira,0.0,1.0,1.0
2025-12-08/2025-12-14,12,FT,sexta-feira,proba_cal_sexdom,1.0,0.0,inf,1.0,no_candidate,FT|sexta-feira,0.0,1.0,1.0
2025-12-08/2025-12-14,12,FT,sábado,proba_cal_sexdom,1.0,0.0,inf,1.0,no_candidate,FT|sábado,0.0,1.0,1.0
2025-12-08/2025-12-14,12,FT,domingo,proba_cal_sexdom,1.0,0.0,inf,1.0,no_candidate,FT|domingo,0.0,1.0,1.0
2025-12-08/2025-12-14,12,FH,segunda-feira,proba_raw_segunda,1.0,0.0,inf,1.0,no_candidate,FH|segunda-feira,0.0,1.0,1.0
2025-12-08/2025-12-14,12,FH,terça-feira,proba_raw_terca,1.0,0.0,inf,1.0,no_candidate,FH|terça-feira,0.0,1.0,1.0
2025-12-08/2025-12-14,12,FH,quarta-feira,proba_raw_quarta,1.0,0.0,inf,1.0,no_candidate,FH|quarta-feira,0.0,1.0,1.0
2025-12-08/2025-12-14,12,FH,quinta-feira,proba_cal_segqui,1.0,0.0,inf,1.0,no_candidate,FH|quinta-feira,0.0,1.0,1.0
2025-12-08/2025-12-14,12,FH,sexta-feira,proba_cal_sexdom,1.0,0.0,inf,1.0,no_candidate,FH|sexta-feira,0.0,1.0,1.0
2025-12-08/2025-12-14,12,FH,sábado,proba_cal_sexdom,1.0,0.0,inf,1.0,no_candidate,FH|sábado,0.0,1.0,1.0
2025-12-08/2025-12-14,12,FH,domingo,proba_cal_sexdom,1.0,0.0,inf,1.0,no_candidate,FH|domingo,0.0,1.0,1.0
2025-12-15/2025-12-21,12,FT,segunda-feira,proba_raw_segunda,0.05,0.02,612.5999999999999,1.0,ok,FT|segunda-feira,0.0,1.0,1.0
2025-12-15/2025-12-21,12,FT,terça-feira,proba_raw_terca,0.23,0.02,inf,1.0,ok,FT|terça-feira,0.0,1.0,1.0
2025-12-15/2025-12-21,12,FT,quarta-feira,proba_raw_quarta,0.37,0.06,632.0,1.0,ok,FT|quarta-feira,0.0,1.0,1.0
2025-12-15/2025-12-21,12,FT,quinta-feira,proba_cal_segqui,1.0,0.0,inf,1.0,no_candidate,FT|quinta-feira,0.0,1.0,1.0
2025-12-15/2025-12-21,12,FT,sexta-feira,proba_cal_sexdom,1.0,0.0,inf,1.0,no_candidate,FT|sexta-feira,0.0,1.0,1.0
2025-12-15/2025-12-21,12,FT,sábado,proba_cal_sexdom,1.0,0.0,inf,1.0,no_candidate,FT|sábado,0.0,1.0,1.0
2025-12-15/2025-12-21,12,FT,domingo,proba_cal_sexdom,1.0,0.0,inf,1.0,no_candidate,FT|domingo,0.0,1.0,1.0
2025-12-15/2025-12-21,12,FH,segunda-feira,proba_raw_segunda,1.0,0.0,inf,1.0,no_candidate,FH|segunda-feira,0.0,1.0,1.0
2025-12-15/2025-12-21,12,FH,terça-feira,proba_raw_terca,0.51,0.01,inf,1.0,ok,FH|terça-feira,0.0,1.0,1.0
2025-12-15/2025-12-21,12,FH,quarta-feira,proba_raw_quarta,1.0,0.0,inf,1.0,no_candidate,FH|quarta-feira,0.0,1.0,1.0
2025-12-15/2025-12-21,12,FH,quinta-feira,proba_cal_segqui,1.0,0.0,inf,1.0,no_candidate,FH|quinta-feira,0.0,1.0,1.0
2025-12-15/2025-12-21,12,FH,sexta-feira,proba_cal_sexdom,1.0,0.0,inf,1.0,no_candidate,FH|sexta-feira,0.0,1.0,1.0
2025-12-15/2025-12-21,12,FH,sábado,proba_cal_sexdom,1.0,0.0,inf,1.0,no_candidate,FH|sábado,0.0,1.0,1.0
2025-12-15/2025-12-21,12,FH,domingo,proba_cal_sexdom,1.0,0.0,inf,1.0,no_candidate,FH|domingo,0.0,1.0,1.0
2025-12-22/2025-12-28,12,FT,segunda-feira,proba_raw_segunda,0.05,0.02,612.5999999999999,1.0,ok,FT|segunda-feira,0.0,1.0,1.0
2025-12-22/2025-12-28,12,FT,terça-feira,proba_raw_terca,0.23,0.02,inf,1.0,ok,FT|terça-feira,0.0,1.0,1.0
2025-12-22/2025-12-28,12,FT,quarta-feira,proba_raw_quarta,0.37,0.06,632.0,1.0,ok,FT|quarta-feira,0.0,1.0,1.0
2025-12-22/2025-12-28,12,FT,quinta-feira,proba_cal_segqui,1.0,0.0,inf,1.0,no_candidate,FT|quinta-feira,0.0,1.0,1.0
2025-12-22/2025-12-28,12,FT,sexta-feira,proba_cal_sexdom,1.0,0.0,inf,1.0,no_candidate,FT|sexta-feira,0.0,1.0,1.0
2025-12-22/2025-12-28,12,FT,sábado,proba_cal_sexdom,1.0,0.0,inf,1.0,no_candidate,FT|sábado,0.0,1.0,1.0
2025-12-22/2025-12-28,12,FT,domingo,proba_cal_sexdom,1.0,0.0,inf,1.0,no_candidate,FT|domingo,0.0,1.0,1.0
2025-12-22/2025-12-28,12,FH,segunda-feira,proba_raw_segunda,1.0,0.0,inf,1.0,no_candidate,FH|segunda-feira,0.0,1.0,1.0
2025-12-22/2025-12-28,12,FH,terça-feira,proba_raw_terca,0.51,0.01,inf,1.0,ok,FH|terça-feira,0.0,1.0,1.0
2025-12-22/2025-12-28,12,FH,quarta-feira,proba_raw_quarta,1.0,0.0,inf,1.0,no_candidate,FH|quarta-feira,0.0,1.0,1.0
2025-12-22/2025-12-28,12,FH,quinta-feira,proba_cal_segqui,1.0,0.0,inf,1.0,no_candidate,FH|quinta-feira,0.0,1.0,1.0
2025-12-22/2025-12-28,12,FH,sexta-feira,proba_cal_sexdom,1.0,0.0,inf,1.0,no_candidate,FH|sexta-feira,0.0,1.0,1.0
2025-12-22/2025-12-28,12,FH,sábado,proba_cal_sexdom,1.0,0.0,inf,1.0,no_candidate,FH|sábado,0.0,1.0,1.0
2025-12-22/2025-12-28,12,FH,domingo,proba_cal_sexdom,1.0,0.0,inf,1.0,no_candidate,FH|domingo,0.0,1.0,1.0
2025-12-29/2026-01-04,12,FT,segunda-feira,proba_raw_segunda,0.05,0.02,612.5999999999999,1.0,ok,FT|segunda-feira,0.0,1.0,1.0
2025-12-29/2026-01-04,12,FT,terça-feira,proba_raw_terca,0.23,0.02,inf,1.0,ok,FT|terça-feira,0.0,1.0,1.0
2025-12-29/2026-01-04,12,FT,quarta-feira,proba_raw_quarta,0.37,0.06,632.0,1.0,ok,FT|quarta-feira,0.0,1.0,1.0
2025-12-29/2026-01-04,12,FT,quinta-feira,proba_cal_segqui,1.0,0.0,inf,1.0,no_candidate,FT|quinta-feira,0.0,1.0,1.0
2025-12-29/2026-01-04,12,FT,sexta-feira,proba_cal_sexdom,1.0,0.0,inf,1.0,no_candidate,FT|sexta-feira,0.0,1.0,1.0
2025-12-29/2026-01-04,12,FT,sábado,proba_cal_sexdom,1.0,0.0,inf,1.0,no_candidate,FT|sábado,0.0,1.0,1.0
2025-12-29/2026-01-04,12,FT,domingo,proba_cal_sexdom,1.0,0.0,inf,1.0,no_candidate,FT|domingo,0.0,1.0,1.0
2025-12-29/2026-01-04,12,FH,segunda-feira,proba_raw_segunda,1.0,0.0,inf,1.0,no_candidate,FH|segunda-feira,0.0,1.0,1.0
2025-12-29/2026-01-04,12,FH,terça-feira,proba_raw_terca,0.51,0.01,inf,1.0,ok,FH|terça-feira,0.0,1.0,1.0
2025-12-29/2026-01-04,12,FH,quarta-feira,proba_raw_quarta,1.0,0.0,inf,1.0,no_candidate,FH|quarta-feira,0.0,1.0,1.0
2025-12-29/2026-01-04,12,FH,quinta-feira,proba_cal_segqui,1.0,0.0,inf,1.0,no_candidate,FH|quinta-feira,0.0,1.0,1.0
2025-12-29/2026-01-04,12,FH,sexta-feira,proba_cal_sexdom,1.0,0.0,inf,1.0,no_candidate,FH|sexta-feira,0.0,1.0,1.0
2025-12-29/2026-01-04,12,FH,sábado,proba_cal_sexdom,1.0,0.0,inf,1.0,no_candidate,FH|sábado,0.0,1.0,1.0
2025-12-29/2026-01-04,12,FH,domingo,proba_cal_sexdom,1.0,0.0,inf,1.0,no_candidate,FH|domingo,0.0,1.0,1.0
2026-01-05/2026-01-11,12,FT,segunda-feira,proba_raw_segunda,0.05,0.02,612.5999999999999,1.0,ok,FT|segunda-feira,0.0,1.0,1.0
2026-01-05/2026-01-11,12,FT,terça-feira,proba_raw_terca,0.23,0.02,inf,1.0,ok,FT|terça-feira,0.0,1.0,1.0
2026-01-05/2026-01-11,12,FT,quarta-feira,proba_raw_quarta,1.0,0.0,inf,1.0,no_candidate,FT|quarta-feira,0.0,1.0,1.0
2026-01-05/2026-01-11,12,FT,quinta-feira,proba_cal_segqui,1.0,0.0,inf,1.0,no_candidate,FT|quinta-feira,0.0,1.0,1.0
2026-01-05/2026-01-11,12,FT,sexta-feira,proba_cal_sexdom,1.0,0.0,inf,1.0,no_candidate,FT|sexta-feira,0.0,1.0,1.0
2026-01-05/2026-01-11,12,FT,sábado,proba_cal_sexdom,1.0,0.0,inf,1.0,no_candidate,FT|sábado,0.0,1.0,1.0
2026-01-05/2026-01-11,12,FT,domingo,proba_cal_sexdom,1.0,0.0,inf,1.0,no_candidate,FT|domingo,0.0,1.0,1.0
2026-01-05/2026-01-11,12,FH,segunda-feira,proba_raw_segunda,1.0,0.0,inf,1.0,no_candidate,FH|segunda-feira,0.0,1.0,1.0
2026-01-05/2026-01-11,12,FH,terça-feira,proba_raw_terca,0.51,0.01,inf,1.0,ok,FH|terça-feira,0.0,1.0,1.0
2026-01-05/2026-01-11,12,FH,quarta-feira,proba_raw_quarta,1.0,0.0,inf,1.0,no_candidate,FH|quarta-feira,0.0,1.0,1.0
2026-01-05/2026-01-11,12,FH,quinta-feira,proba_cal_segqui,1.0,0.0,inf,1.0,no_candidate,FH|quinta-feira,0.0,1.0,1.0
2026-01-05/2026-01-11,12,FH,sexta-feira,proba_cal_sexdom,1.0,0.0,inf,1.0,no_candidate,FH|sexta-feira,0.0,1.0,1.0
2026-01-05/2026-01-11,12,FH,sábado,proba_cal_sexdom,1.0,0.0,inf,1.0,no_candidate,FH|sábado,0.0,1.0,1.0
2026-01-05/2026-01-11,12,FH,domingo,proba_cal_sexdom,1.0,0.0,inf,1.0,no_candidate,FH|domingo,0.0,1.0,1.0
2026-01-12/2026-01-18,12,FT,segunda-feira,proba_raw_segunda,0.05,0.02,612.5999999999999,1.0,ok,FT|segunda-feira,0.0,1.0,1.0
2026-01-12/2026-01-18,12,FT,terça-feira,proba_raw_terca,0.25,0.02,inf,1.0,ok,FT|terça-feira,0.0,1.0,1.0
2026-01-12/2026-01-18,12,FT,quarta-feira,proba_raw_quarta,0.33,0.01,935.4000000000008,1.0,ok,FT|quarta-feira,0.0,1.0,1.0
2026-01-12/2026-01-18,12,FT,quinta-feira,proba_cal_segqui,1.0,0.0,inf,1.0,no_candidate,FT|quinta-feira,0.0,1.0,1.0
2026-01-12/2026-01-18,12,FT,sexta-feira,proba_cal_sexdom,1.0,0.0,inf,1.0,no_candidate,FT|sexta-feira,0.0,1.0,1.0
2026-01-12/2026-01-18,12,FT,sábado,proba_cal_sexdom,1.0,0.0,inf,1.0,no_candidate,FT|sábado,0.0,1.0,1.0
2026-01-12/2026-01-18,12,FT,domingo,proba_cal_sexdom,1.0,0.0,inf,1.0,no_candidate,FT|domingo,0.0,1.0,1.0
2026-01-12/2026-01-18,12,FH,segunda-feira,proba_raw_segunda,1.0,0.0,inf,1.0,no_candidate,FH|segunda-feira,0.0,1.0,1.0
2026-01-12/2026-01-18,12,FH,terça-feira,proba_raw_terca,0.51,0.01,inf,1.0,ok,FH|terça-feira,0.0,1.0,1.0
2026-01-12/2026-01-18,12,FH,quarta-feira,proba_raw_quarta,1.0,0.0,inf,1.0,no_candidate,FH|quarta-feira,0.0,1.0,1.0
2026-01-12/2026-01-18,12,FH,quinta-feira,proba_cal_segqui,1.0,0.0,inf,1.0,no_candidate,FH|quinta-feira,0.0,1.0,1.0
2026-01-12/2026-01-18,12,FH,sexta-feira,proba_cal_sexdom,1.0,0.0,inf,1.0,no_candidate,FH|sexta-feira,0.0,1.0,1.0
2026-01-12/2026-01-18,12,FH,sábado,proba_cal_sexdom,1.0,0.0,inf,1.0,no_candidate,FH|sábado,0.0,1.0,1.0
2026-01-12/2026-01-18,12,FH,domingo,proba_cal_sexdom,1.0,0.0,inf,1.0,no_candidate,FH|domingo,0.0,1.0,1.0
