rule_key,bet_type,dow_pt,region,n,mean_roi,mu_all,multiplier,week
FH|quinta-feira,FH,quinta-feira,africa,8,0.16625,0.10628846153846155,1.0,2025-10-20/2025-10-26
FH|quinta-feira,FH,quinta-feira,america_central,2,-1.0,0.10628846153846155,1.0,2025-10-20/2025-10-26
FH|quinta-feira,FH,quinta-feira,america_norte,1,0.974,0.10628846153846155,1.0,2025-10-20/2025-10-26
FH|quinta-feira,FH,quinta-feira,america_sul,9,0.23411111111111113,0.10628846153846155,1.0,2025-10-20/2025-10-26
FH|quinta-feira,FH,quinta-feira,asia,5,0.7444000000000001,0.10628846153846155,1.0,2025-10-20/2025-10-26
FH|quinta-feira,FH,quinta-feira,desconhecida,7,-0.11564285714285716,0.10628846153846155,1.0,2025-10-20/2025-10-26
FH|quinta-feira,FH,quinta-feira,europa_ocidental,34,0.052588235294117644,0.10628846153846155,0.9624098416289593,2025-10-20/2025-10-26
FH|quinta-feira,FH,quinta-feira,europa_oriental,7,0.3291428571428571,0.10628846153846155,1.0,2025-10-20/2025-10-26
FH|quinta-feira,FH,quinta-feira,oceania,2,0.07250000000000001,0.10628846153846155,1.0,2025-10-20/2025-10-26
FH|quinta-feira,FH,quinta-feira,oriente_medio,3,-0.42333333333333334,0.10628846153846155,1.0,2025-10-20/2025-10-26
FH|quarta-feira,FH,quarta-feira,africa,4,0.010249999999999981,0.07579166666666666,1.0,2025-10-27/2025-11-02
FH|quarta-feira,FH,quarta-feira,america_central,1,0.859,0.07579166666666666,1.0,2025-10-27/2025-11-02
FH|quarta-feira,FH,quarta-feira,america_sul,3,0.6116666666666667,0.07579166666666666,1.0,2025-10-27/2025-11-02
FH|quarta-feira,FH,quarta-feira,asia,1,1.428,0.07579166666666666,1.0,2025-10-27/2025-11-02
FH|quarta-feira,FH,quarta-feira,desconhecida,15,0.1421333333333333,0.07579166666666666,1.0,2025-10-27/2025-11-02
FH|quarta-feira,FH,quarta-feira,europa_ocidental,29,-0.01577586206896552,0.07579166666666666,0.9359027298850575,2025-10-27/2025-11-02
FH|quarta-feira,FH,quarta-feira,europa_oriental,5,-0.158,0.07579166666666666,1.0,2025-10-27/2025-11-02
FH|quarta-feira,FH,quarta-feira,oriente_medio,2,-0.25,0.07579166666666666,1.0,2025-10-27/2025-11-02
FH|quinta-feira,FH,quinta-feira,africa,10,0.12885,0.0989278350515464,1.0,2025-10-27/2025-11-02
FH|quinta-feira,FH,quinta-feira,america_central,2,-1.0,0.0989278350515464,1.0,2025-10-27/2025-11-02
FH|quinta-feira,FH,quinta-feira,america_norte,1,0.974,0.0989278350515464,1.0,2025-10-27/2025-11-02
FH|quinta-feira,FH,quinta-feira,america_sul,11,0.29600000000000004,0.0989278350515464,1.0,2025-10-27/2025-11-02
FH|quinta-feira,FH,quinta-feira,asia,10,0.5771000000000001,0.0989278350515464,1.0,2025-10-27/2025-11-02
FH|quinta-feira,FH,quinta-feira,desconhecida,7,-0.11564285714285716,0.0989278350515464,1.0,2025-10-27/2025-11-02
FH|quinta-feira,FH,quinta-feira,europa_ocidental,44,-0.0014318181818181856,0.0989278350515464,0.9297482427366448,2025-10-27/2025-11-02
FH|quinta-feira,FH,quinta-feira,europa_oriental,7,0.3291428571428571,0.0989278350515464,1.0,2025-10-27/2025-11-02
FH|quinta-feira,FH,quinta-feira,oceania,2,0.07250000000000001,0.0989278350515464,1.0,2025-10-27/2025-11-02
FH|quinta-feira,FH,quinta-feira,oriente_medio,3,-0.42333333333333334,0.0989278350515464,1.0,2025-10-27/2025-11-02
FT|quarta-feira,FT,quarta-feira,africa,9,-0.07700000000000001,0.1896617647058824,1.0,2025-11-03/2025-11-09
FT|quarta-feira,FT,quarta-feira,america_central,2,0.031500000000000083,0.1896617647058824,1.0,2025-11-03/2025-11-09
FT|quarta-feira,FT,quarta-feira,america_norte,1,-1.0,0.1896617647058824,1.0,2025-11-03/2025-11-09
FT|quarta-feira,FT,quarta-feira,america_sul,8,0.38175000000000003,0.1896617647058824,1.0,2025-11-03/2025-11-09
FT|quarta-feira,FT,quarta-feira,asia,4,0.06500000000000006,0.1896617647058824,1.0,2025-11-03/2025-11-09
FT|quarta-feira,FT,quarta-feira,desconhecida,13,0.007461538461538442,0.1896617647058824,1.0,2025-11-03/2025-11-09
FT|quarta-feira,FT,quarta-feira,europa_ocidental,19,0.24521052631578946,0.1896617647058824,1.0,2025-11-03/2025-11-09
FT|quarta-feira,FT,quarta-feira,europa_oriental,8,0.56525,0.1896617647058824,1.0,2025-11-03/2025-11-09
FT|quarta-feira,FT,quarta-feira,oceania,2,0.03499999999999992,0.1896617647058824,1.0,2025-11-03/2025-11-09
FT|quarta-feira,FT,quarta-feira,oriente_medio,2,0.9325000000000001,0.1896617647058824,1.0,2025-11-03/2025-11-09
FH|quarta-feira,FH,quarta-feira,africa,6,0.19200000000000003,0.1018828125,1.0,2025-11-03/2025-11-09
FH|quarta-feira,FH,quarta-feira,america_central,1,0.859,0.1018828125,1.0,2025-11-03/2025-11-09
FH|quarta-feira,FH,quarta-feira,america_sul,4,0.33375000000000005,0.1018828125,1.0,2025-11-03/2025-11-09
FH|quarta-feira,FH,quarta-feira,asia,3,0.43999999999999995,0.1018828125,1.0,2025-11-03/2025-11-09
FH|quarta-feira,FH,quarta-feira,desconhecida,10,0.15499999999999997,0.1018828125,1.0,2025-11-03/2025-11-09
FH|quarta-feira,FH,quarta-feira,europa_ocidental,30,0.08714999999999999,0.1018828125,0.98968703125,2025-11-03/2025-11-09
FH|quarta-feira,FH,quarta-feira,europa_oriental,7,-0.11571428571428573,0.1018828125,1.0,2025-11-03/2025-11-09
FH|quarta-feira,FH,quarta-feira,oriente_medio,3,-0.5,0.1018828125,1.0,2025-11-03/2025-11-09
FH|quinta-feira,FH,quinta-feira,africa,10,0.12885,0.0989278350515464,1.0,2025-11-03/2025-11-09
FH|quinta-feira,FH,quinta-feira,america_central,2,-1.0,0.0989278350515464,1.0,2025-11-03/2025-11-09
FH|quinta-feira,FH,quinta-feira,america_norte,1,0.974,0.0989278350515464,1.0,2025-11-03/2025-11-09
FH|quinta-feira,FH,quinta-feira,america_sul,11,0.29600000000000004,0.0989278350515464,1.0,2025-11-03/2025-11-09
FH|quinta-feira,FH,quinta-feira,asia,10,0.5771000000000001,0.0989278350515464,1.0,2025-11-03/2025-11-09
FH|quinta-feira,FH,quinta-feira,desconhecida,7,-0.11564285714285716,0.0989278350515464,1.0,2025-11-03/2025-11-09
FH|quinta-feira,FH,quinta-feira,europa_ocidental,44,-0.0014318181818181856,0.0989278350515464,0.9297482427366448,2025-11-03/2025-11-09
FH|quinta-feira,FH,quinta-feira,europa_oriental,7,0.3291428571428571,0.0989278350515464,1.0,2025-11-03/2025-11-09
FH|quinta-feira,FH,quinta-feira,oceania,2,0.07250000000000001,0.0989278350515464,1.0,2025-11-03/2025-11-09
FH|quinta-feira,FH,quinta-feira,oriente_medio,3,-0.42333333333333334,0.0989278350515464,1.0,2025-11-03/2025-11-09
FT|quarta-feira,FT,quarta-feira,africa,10,-0.1693,0.15302247191011237,1.0,2025-11-10/2025-11-16
FT|quarta-feira,FT,quarta-feira,america_central,5,0.2626,0.15302247191011237,1.0,2025-11-10/2025-11-16
FT|quarta-feira,FT,quarta-feira,america_norte,1,-1.0,0.15302247191011237,1.0,2025-11-10/2025-11-16
FT|quarta-feira,FT,quarta-feira,america_sul,10,0.3064,0.15302247191011237,1.0,2025-11-10/2025-11-16
FT|quarta-feira,FT,quarta-feira,asia,6,0.03166666666666671,0.15302247191011237,1.0,2025-11-10/2025-11-16
FT|quarta-feira,FT,quarta-feira,desconhecida,19,0.006184210526315775,0.15302247191011237,1.0,2025-11-10/2025-11-16
FT|quarta-feira,FT,quarta-feira,europa_ocidental,22,0.23370454545454544,0.15302247191011237,1.0,2025-11-10/2025-11-16
FT|quarta-feira,FT,quarta-feira,europa_oriental,10,0.3522,0.15302247191011237,1.0,2025-11-10/2025-11-16
FT|quarta-feira,FT,quarta-feira,oceania,2,0.03499999999999992,0.15302247191011237,1.0,2025-11-10/2025-11-16
FT|quarta-feira,FT,quarta-feira,oriente_medio,4,0.7235,0.15302247191011237,1.0,2025-11-10/2025-11-16
FH|quarta-feira,FH,quarta-feira,africa,13,0.03730769230769233,0.10908823529411765,1.0,2025-11-10/2025-11-16
FH|quarta-feira,FH,quarta-feira,america_central,1,0.859,0.10908823529411765,1.0,2025-11-10/2025-11-16
FH|quarta-feira,FH,quarta-feira,america_sul,8,0.389375,0.10908823529411765,1.0,2025-11-10/2025-11-16
FH|quarta-feira,FH,quarta-feira,asia,4,0.32999999999999996,0.10908823529411765,1.0,2025-11-10/2025-11-16
FH|quarta-feira,FH,quarta-feira,desconhecida,10,0.15499999999999997,0.10908823529411765,1.0,2025-11-10/2025-11-16
FH|quarta-feira,FH,quarta-feira,europa_ocidental,37,0.11495945945945946,0.10908823529411765,1.0041098569157392,2025-11-10/2025-11-16
FH|quarta-feira,FH,quarta-feira,europa_oriental,9,-0.09000000000000001,0.10908823529411765,1.0,2025-11-10/2025-11-16
FH|quarta-feira,FH,quarta-feira,oriente_medio,3,-0.5,0.10908823529411765,1.0,2025-11-10/2025-11-16
FT|quarta-feira,FT,quarta-feira,africa,9,-0.24477777777777782,0.15110576923076924,1.0,2025-11-17/2025-11-23
FT|quarta-feira,FT,quarta-feira,america_central,5,0.2626,0.15110576923076924,1.0,2025-11-17/2025-11-23
FT|quarta-feira,FT,quarta-feira,america_norte,1,-1.0,0.15110576923076924,1.0,2025-11-17/2025-11-23
FT|quarta-feira,FT,quarta-feira,america_sul,11,0.4212727272727273,0.15110576923076924,1.0,2025-11-17/2025-11-23
FT|quarta-feira,FT,quarta-feira,asia,7,0.17571428571428577,0.15110576923076924,1.0,2025-11-17/2025-11-23
FT|quarta-feira,FT,quarta-feira,desconhecida,21,0.004166666666666652,0.15110576923076924,1.0,2025-11-17/2025-11-23
FT|quarta-feira,FT,quarta-feira,europa_ocidental,30,0.12474999999999999,0.15110576923076924,0.9815509615384616,2025-11-17/2025-11-23
FT|quarta-feira,FT,quarta-feira,europa_oriental,11,0.3201818181818182,0.15110576923076924,1.0,2025-11-17/2025-11-23
FT|quarta-feira,FT,quarta-feira,oceania,2,0.03499999999999992,0.15110576923076924,1.0,2025-11-17/2025-11-23
FT|quarta-feira,FT,quarta-feira,oriente_medio,7,0.617,0.15110576923076924,1.0,2025-11-17/2025-11-23
FH|quarta-feira,FH,quarta-feira,africa,15,-0.03433333333333331,0.08085795454545455,1.0,2025-11-17/2025-11-23
FH|quarta-feira,FH,quarta-feira,america_central,1,0.859,0.08085795454545455,1.0,2025-11-17/2025-11-23
FH|quarta-feira,FH,quarta-feira,america_sul,8,0.389375,0.08085795454545455,1.0,2025-11-17/2025-11-23
FH|quarta-feira,FH,quarta-feira,asia,4,0.32999999999999996,0.08085795454545455,1.0,2025-11-17/2025-11-23
FH|quarta-feira,FH,quarta-feira,desconhecida,12,0.08208333333333333,0.08085795454545455,1.0,2025-11-17/2025-11-23
FH|quarta-feira,FH,quarta-feira,europa_ocidental,37,0.07193243243243243,0.08085795454545455,0.9937521345208845,2025-11-17/2025-11-23
FH|quarta-feira,FH,quarta-feira,europa_oriental,8,0.023749999999999993,0.08085795454545455,1.0,2025-11-17/2025-11-23
FH|quarta-feira,FH,quarta-feira,oriente_medio,3,-0.5,0.08085795454545455,1.0,2025-11-17/2025-11-23
FT|quarta-feira,FT,quarta-feira,africa,11,-0.008454545454545452,0.1697433628318584,1.0,2025-11-24/2025-11-30
FT|quarta-feira,FT,quarta-feira,america_central,5,0.2626,0.1697433628318584,1.0,2025-11-24/2025-11-30
FT|quarta-feira,FT,quarta-feira,america_norte,1,-1.0,0.1697433628318584,1.0,2025-11-24/2025-11-30
FT|quarta-feira,FT,quarta-feira,america_sul,12,0.30283333333333334,0.1697433628318584,1.0,2025-11-24/2025-11-30
FT|quarta-feira,FT,quarta-feira,asia,11,0.41509090909090907,0.1697433628318584,1.0,2025-11-24/2025-11-30
FT|quarta-feira,FT,quarta-feira,desconhecida,21,0.004166666666666652,0.1697433628318584,1.0,2025-11-24/2025-11-30
FT|quarta-feira,FT,quarta-feira,europa_ocidental,30,0.07841666666666666,0.1697433628318584,0.9360713126843658,2025-11-24/2025-11-30
FT|quarta-feira,FT,quarta-feira,europa_oriental,13,0.30246153846153845,0.1697433628318584,1.0,2025-11-24/2025-11-30
FT|quarta-feira,FT,quarta-feira,oceania,2,0.03499999999999992,0.1697433628318584,1.0,2025-11-24/2025-11-30
FT|quarta-feira,FT,quarta-feira,oriente_medio,7,0.617,0.1697433628318584,1.0,2025-11-24/2025-11-30
FH|quarta-feira,FH,quarta-feira,africa,15,-0.03433333333333331,0.08440957446808511,1.0,2025-11-24/2025-11-30
FH|quarta-feira,FH,quarta-feira,america_central,2,0.4295,0.08440957446808511,1.0,2025-11-24/2025-11-30
FH|quarta-feira,FH,quarta-feira,america_sul,9,0.4494444444444444,0.08440957446808511,1.0,2025-11-24/2025-11-30
FH|quarta-feira,FH,quarta-feira,asia,5,0.4779999999999999,0.08440957446808511,1.0,2025-11-24/2025-11-30
FH|quarta-feira,FH,quarta-feira,desconhecida,12,0.10033333333333332,0.08440957446808511,1.0,2025-11-24/2025-11-30
FH|quarta-feira,FH,quarta-feira,europa_ocidental,38,0.03661842105263157,0.08440957446808511,0.9665461926091825,2025-11-24/2025-11-30
FH|quarta-feira,FH,quarta-feira,europa_oriental,10,0.006000000000000005,0.08440957446808511,1.0,2025-11-24/2025-11-30
FH|quarta-feira,FH,quarta-feira,oriente_medio,3,-0.5,0.08440957446808511,1.0,2025-11-24/2025-11-30
FT|quarta-feira,FT,quarta-feira,africa,13,0.06084615384615384,0.12647499999999998,1.0,2025-12-01/2025-12-07
FT|quarta-feira,FT,quarta-feira,america_central,5,0.2626,0.12647499999999998,1.0,2025-12-01/2025-12-07
FT|quarta-feira,FT,quarta-feira,america_norte,1,-1.0,0.12647499999999998,1.0,2025-12-01/2025-12-07
FT|quarta-feira,FT,quarta-feira,america_sul,15,0.1676,0.12647499999999998,1.0,2025-12-01/2025-12-07
FT|quarta-feira,FT,quarta-feira,asia,14,0.46499999999999997,0.12647499999999998,1.0,2025-12-01/2025-12-07
FT|quarta-feira,FT,quarta-feira,desconhecida,28,-0.0869464285714286,0.12647499999999998,0.850605,2025-12-01/2025-12-07
FT|quarta-feira,FT,quarta-feira,europa_ocidental,39,-0.013012820512820508,0.12647499999999998,0.9023585256410257,2025-12-01/2025-12-07
FT|quarta-feira,FT,quarta-feira,europa_oriental,15,0.3528,0.12647499999999998,1.0,2025-12-01/2025-12-07
FT|quarta-feira,FT,quarta-feira,oceania,2,0.03499999999999992,0.12647499999999998,1.0,2025-12-01/2025-12-07
FT|quarta-feira,FT,quarta-feira,oriente_medio,8,0.6448125,0.12647499999999998,1.0,2025-12-01/2025-12-07
FT|segunda-feira,FT,segunda-feira,africa,10,0.1469,0.046154761904761914,1.0,2025-12-08/2025-12-14
FT|segunda-feira,FT,segunda-feira,america_central,2,-0.07050000000000001,0.046154761904761914,1.0,2025-12-08/2025-12-14
FT|segunda-feira,FT,segunda-feira,america_norte,1,0.0,0.046154761904761914,1.0,2025-12-08/2025-12-14
FT|segunda-feira,FT,segunda-feira,america_sul,19,-0.36686842105263157,0.046154761904761914,1.0,2025-12-08/2025-12-14
FT|segunda-feira,FT,segunda-feira,asia,9,-0.03788888888888889,0.046154761904761914,1.0,2025-12-08/2025-12-14
FT|segunda-feira,FT,segunda-feira,desconhecida,46,0.1872608695652174,0.046154761904761914,1.0987742753623189,2025-12-08/2025-12-14
FT|segunda-feira,FT,segunda-feira,europa_ocidental,56,0.2150267857142857,0.046154761904761914,1.1182104166666667,2025-12-08/2025-12-14
FT|segunda-feira,FT,segunda-feira,europa_oriental,16,-0.1045625,0.046154761904761914,1.0,2025-12-08/2025-12-14
FT|segunda-feira,FT,segunda-feira,oceania,1,-1.0,0.046154761904761914,1.0,2025-12-08/2025-12-14
FT|segunda-feira,FT,segunda-feira,oriente_medio,8,-0.530625,0.046154761904761914,1.0,2025-12-08/2025-12-14
FT|quarta-feira,FT,quarta-feira,africa,14,0.11078571428571428,0.06776764705882353,1.0,2025-12-08/2025-12-14
FT|quarta-feira,FT,quarta-feira,america_central,5,0.2626,0.06776764705882353,1.0,2025-12-08/2025-12-14
FT|quarta-feira,FT,quarta-feira,america_norte,2,-0.20999999999999996,0.06776764705882353,1.0,2025-12-08/2025-12-14
FT|quarta-feira,FT,quarta-feira,america_sul,15,0.1676,0.06776764705882353,1.0,2025-12-08/2025-12-14
FT|quarta-feira,FT,quarta-feira,asia,17,0.3623529411764706,0.06776764705882353,1.0,2025-12-08/2025-12-14
FT|quarta-feira,FT,quarta-feira,desconhecida,33,-0.05080303030303032,0.06776764705882353,0.9170005258467023,2025-12-08/2025-12-14
FT|quarta-feira,FT,quarta-feira,europa_ocidental,48,-0.17723958333333334,0.06776764705882353,0.8284949387254902,2025-12-08/2025-12-14
FT|quarta-feira,FT,quarta-feira,europa_oriental,26,0.20607692307692307,0.06776764705882353,1.0968164932126696,2025-12-08/2025-12-14
FT|quarta-feira,FT,quarta-feira,oceania,2,0.03499999999999992,0.06776764705882353,1.0,2025-12-08/2025-12-14
FT|quarta-feira,FT,quarta-feira,oriente_medio,8,0.6448125,0.06776764705882353,1.0,2025-12-08/2025-12-14
FT|segunda-feira,FT,segunda-feira,africa,11,0.3190909090909091,0.12302447552447553,1.0,2025-12-15/2025-12-21
FT|segunda-feira,FT,segunda-feira,america_central,3,-0.38033333333333336,0.12302447552447553,1.0,2025-12-15/2025-12-21
FT|segunda-feira,FT,segunda-feira,america_norte,1,0.0,0.12302447552447553,1.0,2025-12-15/2025-12-21
FT|segunda-feira,FT,segunda-feira,america_sul,15,-0.2622,0.12302447552447553,1.0,2025-12-15/2025-12-21
FT|segunda-feira,FT,segunda-feira,asia,9,0.07666666666666666,0.12302447552447553,1.0,2025-12-15/2025-12-21
FT|segunda-feira,FT,segunda-feira,desconhecida,33,0.3287878787878788,0.12302447552447553,1.1440343822843824,2025-12-15/2025-12-21
FT|segunda-feira,FT,segunda-feira,europa_ocidental,50,0.22918999999999998,0.12302447552447553,1.0743158671328672,2025-12-15/2025-12-21
FT|segunda-feira,FT,segunda-feira,europa_oriental,14,0.1022857142857143,0.12302447552447553,1.0,2025-12-15/2025-12-21
FT|segunda-feira,FT,segunda-feira,oriente_medio,7,-0.7535714285714287,0.12302447552447553,1.0,2025-12-15/2025-12-21
FT|quarta-feira,FT,quarta-feira,africa,16,0.2019375,0.07334677419354839,1.0,2025-12-15/2025-12-21
FT|quarta-feira,FT,quarta-feira,america_central,6,0.05216666666666666,0.07334677419354839,1.0,2025-12-15/2025-12-21
FT|quarta-feira,FT,quarta-feira,america_norte,2,-0.20999999999999996,0.07334677419354839,1.0,2025-12-15/2025-12-21
FT|quarta-feira,FT,quarta-feira,america_sul,16,0.157125,0.07334677419354839,1.0,2025-12-15/2025-12-21
FT|quarta-feira,FT,quarta-feira,asia,18,0.3877777777777778,0.07334677419354839,1.0,2025-12-15/2025-12-21
FT|quarta-feira,FT,quarta-feira,desconhecida,35,-0.04790000000000002,0.07334677419354839,0.9151272580645161,2025-12-15/2025-12-21
FT|quarta-feira,FT,quarta-feira,europa_ocidental,54,-0.1848425925925926,0.07334677419354839,0.8192674432497014,2025-12-15/2025-12-21
FT|quarta-feira,FT,quarta-feira,europa_oriental,27,0.19844444444444442,0.07334677419354839,1.0875683691756273,2025-12-15/2025-12-21
FT|quarta-feira,FT,quarta-feira,oceania,2,0.03499999999999992,0.07334677419354839,1.0,2025-12-15/2025-12-21
FT|quarta-feira,FT,quarta-feira,oriente_medio,10,0.72545,0.07334677419354839,1.0,2025-12-15/2025-12-21
FH|terça-feira,FH,terça-feira,africa,5,0.2,0.12331159420289853,1.0,2025-12-15/2025-12-21
FH|terça-feira,FH,terça-feira,america_central,2,0.26449999999999996,0.12331159420289853,1.0,2025-12-15/2025-12-21
FH|terça-feira,FH,terça-feira,america_sul,8,-0.02762500000000004,0.12331159420289853,1.0,2025-12-15/2025-12-21
FH|terça-feira,FH,terça-feira,asia,8,0.3038125,0.12331159420289853,1.0,2025-12-15/2025-12-21
FH|terça-feira,FH,terça-feira,desconhecida,10,-0.0854,0.12331159420289853,1.0,2025-12-15/2025-12-21
FH|terça-feira,FH,terça-feira,europa_ocidental,25,-0.05276000000000001,0.12331159420289853,0.876749884057971,2025-12-15/2025-12-21
FH|terça-feira,FH,terça-feira,europa_oriental,11,0.6311818181818182,0.12331159420289853,1.0,2025-12-15/2025-12-21
FT|segunda-feira,FT,segunda-feira,africa,11,0.3190909090909091,0.1162986577181208,1.0,2025-12-22/2025-12-28
FT|segunda-feira,FT,segunda-feira,america_central,3,-0.38033333333333336,0.1162986577181208,1.0,2025-12-22/2025-12-28
FT|segunda-feira,FT,segunda-feira,america_norte,1,0.0,0.1162986577181208,1.0,2025-12-22/2025-12-28
FT|segunda-feira,FT,segunda-feira,america_sul,15,-0.2622,0.1162986577181208,1.0,2025-12-22/2025-12-28
FT|segunda-feira,FT,segunda-feira,asia,9,0.07666666666666666,0.1162986577181208,1.0,2025-12-22/2025-12-28
FT|segunda-feira,FT,segunda-feira,desconhecida,33,0.3287878787878788,0.1162986577181208,1.1487424547488305,2025-12-22/2025-12-28
FT|segunda-feira,FT,segunda-feira,europa_ocidental,52,0.1819134615384615,0.1162986577181208,1.0459303626742384,2025-12-22/2025-12-28
FT|segunda-feira,FT,segunda-feira,europa_oriental,14,0.1022857142857143,0.1162986577181208,1.0,2025-12-22/2025-12-28
FT|segunda-feira,FT,segunda-feira,oriente_medio,11,-0.32172727272727275,0.1162986577181208,1.0,2025-12-22/2025-12-28
FT|terça-feira,FT,terça-feira,africa,14,0.2727142857142857,0.08440677966101695,1.0,2025-12-22/2025-12-28
FT|terça-feira,FT,terça-feira,america_central,6,-0.26499999999999996,0.08440677966101695,1.0,2025-12-22/2025-12-28
FT|terça-feira,FT,terça-feira,america_sul,10,-0.4046,0.08440677966101695,1.0,2025-12-22/2025-12-28
FT|terça-feira,FT,terça-feira,asia,11,0.3312727272727272,0.08440677966101695,1.0,2025-12-22/2025-12-28
FT|terça-feira,FT,terça-feira,desconhecida,28,0.2625,0.08440677966101695,1.1246652542372881,2025-12-22/2025-12-28
FT|terça-feira,FT,terça-feira,europa_ocidental,79,0.05553164556962026,0.08440677966101695,0.9797874061360223,2025-12-22/2025-12-28
FT|terça-feira,FT,terça-feira,europa_oriental,21,-0.16666666666666666,0.08440677966101695,1.0,2025-12-22/2025-12-28
FT|terça-feira,FT,terça-feira,oriente_medio,8,0.609625,0.08440677966101695,1.0,2025-12-22/2025-12-28
FT|quarta-feira,FT,quarta-feira,africa,18,0.16947222222222222,0.05635294117647057,1.0,2025-12-22/2025-12-28
FT|quarta-feira,FT,quarta-feira,america_central,7,-0.09814285714285716,0.05635294117647057,1.0,2025-12-22/2025-12-28
FT|quarta-feira,FT,quarta-feira,america_norte,2,-0.20999999999999996,0.05635294117647057,1.0,2025-12-22/2025-12-28
FT|quarta-feira,FT,quarta-feira,america_sul,17,0.18652941176470586,0.05635294117647057,1.0,2025-12-22/2025-12-28
FT|quarta-feira,FT,quarta-feira,asia,20,0.34525,0.05635294117647057,1.0,2025-12-22/2025-12-28
FT|quarta-feira,FT,quarta-feira,desconhecida,40,-0.05691250000000002,0.05635294117647057,0.9207141911764706,2025-12-22/2025-12-28
FT|quarta-feira,FT,quarta-feira,europa_ocidental,57,-0.1828859649122807,0.05635294117647057,0.832532765737874,2025-12-22/2025-12-28
FT|quarta-feira,FT,quarta-feira,europa_oriental,28,0.15564285714285714,0.05635294117647057,1.0695029411764705,2025-12-22/2025-12-28
FT|quarta-feira,FT,quarta-feira,oceania,2,0.03499999999999992,0.05635294117647057,1.0,2025-12-22/2025-12-28
FT|quarta-feira,FT,quarta-feira,oriente_medio,13,0.5961153846153846,0.05635294117647057,1.0,2025-12-22/2025-12-28
FH|terça-feira,FH,terça-feira,africa,6,0.39166666666666666,0.12392763157894734,1.0,2025-12-22/2025-12-28
FH|terça-feira,FH,terça-feira,america_central,2,0.26449999999999996,0.12392763157894734,1.0,2025-12-22/2025-12-28
FH|terça-feira,FH,terça-feira,america_sul,8,-0.02762500000000004,0.12392763157894734,1.0,2025-12-22/2025-12-28
FH|terça-feira,FH,terça-feira,asia,8,0.3038125,0.12392763157894734,1.0,2025-12-22/2025-12-28
FH|terça-feira,FH,terça-feira,desconhecida,12,-0.19616666666666668,0.12392763157894734,1.0,2025-12-22/2025-12-28
FH|terça-feira,FH,terça-feira,europa_ocidental,29,-0.008931034482758626,0.12392763157894734,0.9069989337568058,2025-12-22/2025-12-28
FH|terça-feira,FH,terça-feira,europa_oriental,11,0.6311818181818182,0.12392763157894734,1.0,2025-12-22/2025-12-28
FT|segunda-feira,FT,segunda-feira,africa,11,0.3190909090909091,0.11941390728476822,1.0,2025-12-29/2026-01-04
FT|segunda-feira,FT,segunda-feira,america_central,3,-0.38033333333333336,0.11941390728476822,1.0,2025-12-29/2026-01-04
FT|segunda-feira,FT,segunda-feira,america_norte,1,0.0,0.11941390728476822,1.0,2025-12-29/2026-01-04
FT|segunda-feira,FT,segunda-feira,america_sul,15,-0.2622,0.11941390728476822,1.0,2025-12-29/2026-01-04
FT|segunda-feira,FT,segunda-feira,asia,10,0.118,0.11941390728476822,1.0,2025-12-29/2026-01-04
FT|segunda-feira,FT,segunda-feira,desconhecida,35,0.3369428571428571,0.11941390728476822,1.1522702649006622,2025-12-29/2026-01-04
FT|segunda-feira,FT,segunda-feira,europa_ocidental,51,0.17116666666666663,0.11941390728476822,1.036226931567329,2025-12-29/2026-01-04
FT|segunda-feira,FT,segunda-feira,europa_oriental,14,0.1022857142857143,0.11941390728476822,1.0,2025-12-29/2026-01-04
FT|segunda-feira,FT,segunda-feira,oriente_medio,11,-0.32172727272727275,0.11941390728476822,1.0,2025-12-29/2026-01-04
FT|terça-feira,FT,terça-feira,africa,17,0.18005882352941177,0.10817195767195764,1.0,2025-12-29/2026-01-04
FT|terça-feira,FT,terça-feira,america_central,6,-0.26499999999999996,0.10817195767195764,1.0,2025-12-29/2026-01-04
FT|terça-feira,FT,terça-feira,america_sul,10,-0.4046,0.10817195767195764,1.0,2025-12-29/2026-01-04
FT|terça-feira,FT,terça-feira,asia,12,0.33862499999999995,0.10817195767195764,1.0,2025-12-29/2026-01-04
FT|terça-feira,FT,terça-feira,desconhecida,31,0.3233870967741935,0.10817195767195764,1.150650597371565,2025-12-29/2026-01-04
FT|terça-feira,FT,terça-feira,europa_ocidental,82,0.05008536585365855,0.10817195767195764,0.9593393857271907,2025-12-29/2026-01-04
FT|terça-feira,FT,terça-feira,europa_oriental,22,-0.0394090909090909,0.10817195767195764,1.0,2025-12-29/2026-01-04
FT|terça-feira,FT,terça-feira,oriente_medio,9,0.6323333333333333,0.10817195767195764,1.0,2025-12-29/2026-01-04
FT|quarta-feira,FT,quarta-feira,africa,18,0.16947222222222222,0.058923076923076925,1.0,2025-12-29/2026-01-04
FT|quarta-feira,FT,quarta-feira,america_central,7,-0.09814285714285716,0.058923076923076925,1.0,2025-12-29/2026-01-04
FT|quarta-feira,FT,quarta-feira,america_norte,2,-0.20999999999999996,0.058923076923076925,1.0,2025-12-29/2026-01-04
FT|quarta-feira,FT,quarta-feira,america_sul,17,0.18652941176470586,0.058923076923076925,1.0,2025-12-29/2026-01-04
FT|quarta-feira,FT,quarta-feira,asia,21,0.32880952380952383,0.058923076923076925,1.0,2025-12-29/2026-01-04
FT|quarta-feira,FT,quarta-feira,desconhecida,40,-0.05691250000000002,0.058923076923076925,0.9189150961538461,2025-12-29/2026-01-04
FT|quarta-feira,FT,quarta-feira,europa_ocidental,59,-0.14685593220338983,0.058923076923076925,0.8559546936114732,2025-12-29/2026-01-04
FT|quarta-feira,FT,quarta-feira,europa_oriental,29,0.11579310344827587,0.058923076923076925,1.0398090185676392,2025-12-29/2026-01-04
FT|quarta-feira,FT,quarta-feira,oceania,2,0.03499999999999992,0.058923076923076925,1.0,2025-12-29/2026-01-04
FT|quarta-feira,FT,quarta-feira,oriente_medio,13,0.5961153846153846,0.058923076923076925,1.0,2025-12-29/2026-01-04
FH|terça-feira,FH,terça-feira,africa,6,0.39166666666666666,0.11632666666666665,1.0,2025-12-29/2026-01-04
FH|terça-feira,FH,terça-feira,america_central,2,0.26449999999999996,0.11632666666666665,1.0,2025-12-29/2026-01-04
FH|terça-feira,FH,terça-feira,america_sul,8,-0.02762500000000004,0.11632666666666665,1.0,2025-12-29/2026-01-04
FH|terça-feira,FH,terça-feira,asia,8,0.3038125,0.11632666666666665,1.0,2025-12-29/2026-01-04
FH|terça-feira,FH,terça-feira,desconhecida,12,-0.19616666666666668,0.11632666666666665,1.0,2025-12-29/2026-01-04
FH|terça-feira,FH,terça-feira,europa_ocidental,28,-0.03403571428571429,0.11632666666666665,0.8947463333333333,2025-12-29/2026-01-04
FH|terça-feira,FH,terça-feira,europa_oriental,11,0.6311818181818182,0.11632666666666665,1.0,2025-12-29/2026-01-04
FT|segunda-feira,FT,segunda-feira,africa,11,0.3190909090909091,0.12439802631578947,1.0,2026-01-05/2026-01-11
FT|segunda-feira,FT,segunda-feira,america_central,3,-0.38033333333333336,0.12439802631578947,1.0,2026-01-05/2026-01-11
FT|segunda-feira,FT,segunda-feira,america_norte,1,0.0,0.12439802631578947,1.0,2026-01-05/2026-01-11
FT|segunda-feira,FT,segunda-feira,america_sul,15,-0.2622,0.12439802631578947,1.0,2026-01-05/2026-01-11
FT|segunda-feira,FT,segunda-feira,asia,10,0.118,0.12439802631578947,1.0,2026-01-05/2026-01-11
FT|segunda-feira,FT,segunda-feira,desconhecida,35,0.3369428571428571,0.12439802631578947,1.1487813815789474,2026-01-05/2026-01-11
FT|segunda-feira,FT,segunda-feira,europa_ocidental,52,0.18474038461538458,0.12439802631578947,1.0422396508097165,2026-01-05/2026-01-11
FT|segunda-feira,FT,segunda-feira,europa_oriental,14,0.1022857142857143,0.12439802631578947,1.0,2026-01-05/2026-01-11
FT|segunda-feira,FT,segunda-feira,oriente_medio,11,-0.32172727272727275,0.12439802631578947,1.0,2026-01-05/2026-01-11
FT|terça-feira,FT,terça-feira,africa,17,0.18005882352941177,0.10605867346938774,1.0,2026-01-05/2026-01-11
FT|terça-feira,FT,terça-feira,america_central,6,-0.26499999999999996,0.10605867346938774,1.0,2026-01-05/2026-01-11
FT|terça-feira,FT,terça-feira,america_sul,10,-0.4046,0.10605867346938774,1.0,2026-01-05/2026-01-11
FT|terça-feira,FT,terça-feira,asia,12,0.33862499999999995,0.10605867346938774,1.0,2026-01-05/2026-01-11
FT|terça-feira,FT,terça-feira,desconhecida,30,0.30316666666666664,0.10605867346938774,1.1379755952380952,2026-01-05/2026-01-11
FT|terça-feira,FT,terça-feira,europa_ocidental,88,0.062079545454545464,0.10605867346938774,0.9692146103896104,2026-01-05/2026-01-11
FT|terça-feira,FT,terça-feira,europa_oriental,22,-0.0394090909090909,0.10605867346938774,1.0,2026-01-05/2026-01-11
FT|terça-feira,FT,terça-feira,oriente_medio,11,0.5098181818181818,0.10605867346938774,1.0,2026-01-05/2026-01-11
FH|terça-feira,FH,terça-feira,africa,6,0.39166666666666666,0.11479605263157894,1.0,2026-01-05/2026-01-11
FH|terça-feira,FH,terça-feira,america_central,2,0.26449999999999996,0.11479605263157894,1.0,2026-01-05/2026-01-11
FH|terça-feira,FH,terça-feira,america_sul,8,-0.02762500000000004,0.11479605263157894,1.0,2026-01-05/2026-01-11
FH|terça-feira,FH,terça-feira,asia,8,0.3038125,0.11479605263157894,1.0,2026-01-05/2026-01-11
FH|terça-feira,FH,terça-feira,desconhecida,12,-0.19616666666666668,0.11479605263157894,1.0,2026-01-05/2026-01-11
FH|terça-feira,FH,terça-feira,europa_ocidental,28,-0.03403571428571429,0.11479605263157894,0.8958177631578947,2026-01-05/2026-01-11
FH|terça-feira,FH,terça-feira,europa_oriental,11,0.6311818181818182,0.11479605263157894,1.0,2026-01-05/2026-01-11
FH|terça-feira,FH,terça-feira,oriente_medio,1,0.0,0.11479605263157894,1.0,2026-01-05/2026-01-11
FT|segunda-feira,FT,segunda-feira,africa,9,0.39888888888888885,0.1618548387096774,1.0,2026-01-12/2026-01-18
FT|segunda-feira,FT,segunda-feira,america_central,3,-0.38033333333333336,0.1618548387096774,1.0,2026-01-12/2026-01-18
FT|segunda-feira,FT,segunda-feira,america_norte,1,0.0,0.1618548387096774,1.0,2026-01-12/2026-01-18
FT|segunda-feira,FT,segunda-feira,america_sul,12,-0.07774999999999999,0.1618548387096774,1.0,2026-01-12/2026-01-18
FT|segunda-feira,FT,segunda-feira,asia,9,0.2422222222222222,0.1618548387096774,1.0,2026-01-12/2026-01-18
FT|segunda-feira,FT,segunda-feira,desconhecida,18,0.5785,0.1618548387096774,1.0,2026-01-12/2026-01-18
FT|segunda-feira,FT,segunda-feira,europa_ocidental,49,0.16618367346938773,0.1618548387096774,1.0030301843317972,2026-01-12/2026-01-18
FT|segunda-feira,FT,segunda-feira,europa_oriental,12,0.11308333333333333,0.1618548387096774,1.0,2026-01-12/2026-01-18
FT|segunda-feira,FT,segunda-feira,oriente_medio,11,-0.32172727272727275,0.1618548387096774,1.0,2026-01-12/2026-01-18
FT|terça-feira,FT,terça-feira,africa,19,0.1958421052631579,0.08853,1.0,2026-01-12/2026-01-18
FT|terça-feira,FT,terça-feira,america_central,5,-0.118,0.08853,1.0,2026-01-12/2026-01-18
FT|terça-feira,FT,terça-feira,america_sul,10,0.031399999999999983,0.08853,1.0,2026-01-12/2026-01-18
FT|terça-feira,FT,terça-feira,asia,10,0.27009999999999995,0.08853,1.0,2026-01-12/2026-01-18
FT|terça-feira,FT,terça-feira,desconhecida,30,0.3491666666666667,0.08853,1.1824456666666667,2026-01-12/2026-01-18
FT|terça-feira,FT,terça-feira,europa_ocidental,88,0.01265909090909092,0.08853,0.9468903636363637,2026-01-12/2026-01-18
FT|terça-feira,FT,terça-feira,europa_oriental,23,-0.1581304347826087,0.08853,1.0,2026-01-12/2026-01-18
FT|terça-feira,FT,terça-feira,oriente_medio,15,0.24053333333333335,0.08853,1.0,2026-01-12/2026-01-18
FT|quarta-feira,FT,quarta-feira,africa,13,0.17334615384615384,0.08514649681528663,1.0,2026-01-12/2026-01-18
FT|quarta-feira,FT,quarta-feira,america_central,5,-0.15000000000000005,0.08514649681528663,1.0,2026-01-12/2026-01-18
FT|quarta-feira,FT,quarta-feira,america_norte,2,-0.20999999999999996,0.08514649681528663,1.0,2026-01-12/2026-01-18
FT|quarta-feira,FT,quarta-feira,america_sul,8,0.23399999999999999,0.08514649681528663,1.0,2026-01-12/2026-01-18
FT|quarta-feira,FT,quarta-feira,asia,18,0.30827777777777776,0.08514649681528663,1.0,2026-01-12/2026-01-18
FT|quarta-feira,FT,quarta-feira,desconhecida,28,0.06330357142857139,0.08514649681528663,0.9847099522292994,2026-01-12/2026-01-18
FT|quarta-feira,FT,quarta-feira,europa_ocidental,44,-0.1393522727272727,0.08514649681528663,0.8428508613202085,2026-01-12/2026-01-18
FT|quarta-feira,FT,quarta-feira,europa_oriental,25,0.01472,0.08514649681528663,0.9507014522292994,2026-01-12/2026-01-18
FT|quarta-feira,FT,quarta-feira,oriente_medio,14,0.6324642857142857,0.08514649681528663,1.0,2026-01-12/2026-01-18
FT|sexta-feira,FT,sexta-feira,africa,32,0.22176562499999997,0.04297787610619469,1.1251514242256637,2026-01-12/2026-01-18
FT|sexta-feira,FT,sexta-feira,america_central,7,-0.4571428571428572,0.04297787610619469,1.0,2026-01-12/2026-01-18
FT|sexta-feira,FT,sexta-feira,america_norte,3,-0.27666666666666667,0.04297787610619469,1.0,2026-01-12/2026-01-18
FT|sexta-feira,FT,sexta-feira,america_sul,32,0.325203125,0.04297787610619469,1.1975576742256637,2026-01-12/2026-01-18
FT|sexta-feira,FT,sexta-feira,asia,64,0.08803125,0.04297787610619469,1.0315373617256638,2026-01-12/2026-01-18
FT|sexta-feira,FT,sexta-feira,desconhecida,27,-0.10248148148148147,0.04297787610619469,0.8981784496886267,2026-01-12/2026-01-18
FT|sexta-feira,FT,sexta-feira,europa_ocidental,266,-0.01687030075187971,0.04297787610619469,0.958106276199348,2026-01-12/2026-01-18
FT|sexta-feira,FT,sexta-feira,europa_oriental,92,0.0010543478260869612,0.04297787610619469,0.9706535302039246,2026-01-12/2026-01-18
FT|sexta-feira,FT,sexta-feira,oceania,9,0.055222222222222235,0.04297787610619469,1.0,2026-01-12/2026-01-18
FT|sexta-feira,FT,sexta-feira,oriente_medio,33,0.3586666666666667,0.04297787610619469,1.2,2026-01-12/2026-01-18
FT|segunda-feira,FT,segunda-feira,africa,8,0.44875,0.20887499999999998,1.0,2026-01-19/2026-01-25
FT|segunda-feira,FT,segunda-feira,america_central,2,-1.0,0.20887499999999998,1.0,2026-01-19/2026-01-25
FT|segunda-feira,FT,segunda-feira,america_norte,1,0.0,0.20887499999999998,1.0,2026-01-19/2026-01-25
FT|segunda-feira,FT,segunda-feira,america_sul,10,0.10670000000000002,0.20887499999999998,1.0,2026-01-19/2026-01-25
FT|segunda-feira,FT,segunda-feira,asia,9,0.2422222222222222,0.20887499999999998,1.0,2026-01-19/2026-01-25
FT|segunda-feira,FT,segunda-feira,desconhecida,15,0.6327333333333333,0.20887499999999998,1.0,2026-01-19/2026-01-25
FT|segunda-feira,FT,segunda-feira,europa_ocidental,41,0.19236585365853656,0.20887499999999998,0.9884435975609757,2026-01-19/2026-01-25
FT|segunda-feira,FT,segunda-feira,europa_oriental,9,0.11633333333333337,0.20887499999999998,1.0,2026-01-19/2026-01-25
FT|segunda-feira,FT,segunda-feira,oriente_medio,9,-0.17099999999999999,0.20887499999999998,1.0,2026-01-19/2026-01-25
FT|terça-feira,FT,terça-feira,africa,20,0.17104999999999998,0.09389626556016596,1.0,2026-01-19/2026-01-25
FT|terça-feira,FT,terça-feira,america_central,7,-0.09928571428571428,0.09389626556016596,1.0,2026-01-19/2026-01-25
FT|terça-feira,FT,terça-feira,america_sul,16,0.14743749999999997,0.09389626556016596,1.0,2026-01-19/2026-01-25
FT|terça-feira,FT,terça-feira,asia,13,0.14392307692307688,0.09389626556016596,1.0,2026-01-19/2026-01-25
FT|terça-feira,FT,terça-feira,desconhecida,36,0.3327222222222222,0.09389626556016596,1.1671781696634393,2026-01-19/2026-01-25
FT|terça-feira,FT,terça-feira,europa_ocidental,108,0.045416666666666675,0.09389626556016596,0.9660642807745505,2026-01-19/2026-01-25
FT|terça-feira,FT,terça-feira,europa_oriental,24,-0.11741666666666666,0.09389626556016596,1.0,2026-01-19/2026-01-25
FT|terça-feira,FT,terça-feira,oceania,1,-1.0,0.09389626556016596,1.0,2026-01-19/2026-01-25
FT|terça-feira,FT,terça-feira,oriente_medio,16,0.163,0.09389626556016596,1.0,2026-01-19/2026-01-25
FT|sexta-feira,FT,sexta-feira,africa,28,0.256125,0.058153769841269826,1.138579861111111,2026-01-19/2026-01-25
FT|sexta-feira,FT,sexta-feira,america_central,8,-0.525,0.058153769841269826,1.0,2026-01-19/2026-01-25
FT|sexta-feira,FT,sexta-feira,america_norte,3,-0.27666666666666667,0.058153769841269826,1.0,2026-01-19/2026-01-25
FT|sexta-feira,FT,sexta-feira,america_sul,24,0.4136458333333333,0.058153769841269826,1.0,2026-01-19/2026-01-25
FT|sexta-feira,FT,sexta-feira,asia,54,0.12301851851851851,0.058153769841269826,1.0454053240740742,2026-01-19/2026-01-25
FT|sexta-feira,FT,sexta-feira,desconhecida,23,0.13013043478260872,0.058153769841269826,1.0,2026-01-19/2026-01-25
FT|sexta-feira,FT,sexta-feira,europa_ocidental,247,0.004989878542510116,0.058153769841269826,0.9627852760908682,2026-01-19/2026-01-25
FT|sexta-feira,FT,sexta-feira,europa_oriental,76,-0.07382894736842105,0.058153769841269826,0.9076120979532164,2026-01-19/2026-01-25
FT|sexta-feira,FT,sexta-feira,oceania,9,0.23855555555555558,0.058153769841269826,1.0,2026-01-19/2026-01-25
FT|sexta-feira,FT,sexta-feira,oriente_medio,32,0.307375,0.058153769841269826,1.1744548611111112,2026-01-19/2026-01-25
FH|quarta-feira,FH,quarta-feira,africa,17,0.16611764705882356,0.06379411764705882,1.0,2026-01-19/2026-01-25
FH|quarta-feira,FH,quarta-feira,america_central,2,-0.25,0.06379411764705882,1.0,2026-01-19/2026-01-25
FH|quarta-feira,FH,quarta-feira,america_sul,10,0.271,0.06379411764705882,1.0,2026-01-19/2026-01-25
FH|quarta-feira,FH,quarta-feira,asia,9,0.01911111111111108,0.06379411764705882,1.0,2026-01-19/2026-01-25
FH|quarta-feira,FH,quarta-feira,desconhecida,12,-0.3096666666666667,0.06379411764705882,1.0,2026-01-19/2026-01-25
FH|quarta-feira,FH,quarta-feira,europa_ocidental,35,0.1339142857142857,0.06379411764705882,1.049084117647059,2026-01-19/2026-01-25
FH|quarta-feira,FH,quarta-feira,europa_oriental,10,-0.315,0.06379411764705882,1.0,2026-01-19/2026-01-25
FH|quarta-feira,FH,quarta-feira,oriente_medio,7,0.49714285714285716,0.06379411764705882,1.0,2026-01-19/2026-01-25
FH|sábado,FH,sábado,africa,16,0.15100000000000002,0.05403124999999999,1.0,2026-01-19/2026-01-25
FH|sábado,FH,sábado,america_central,6,0.26033333333333336,0.05403124999999999,1.0,2026-01-19/2026-01-25
FH|sábado,FH,sábado,america_norte,4,-0.125,0.05403124999999999,1.0,2026-01-19/2026-01-25
FH|sábado,FH,sábado,america_sul,20,0.04839999999999997,0.05403124999999999,1.0,2026-01-19/2026-01-25
FH|sábado,FH,sábado,asia,36,0.0208611111111111,0.05403124999999999,0.9767809027777777,2026-01-19/2026-01-25
FH|sábado,FH,sábado,desconhecida,35,-0.08964285714285715,0.05403124999999999,0.899428125,2026-01-19/2026-01-25
FH|sábado,FH,sábado,europa_ocidental,279,0.05554301075268817,0.05403124999999999,1.0010582325268818,2026-01-19/2026-01-25
FH|sábado,FH,sábado,europa_oriental,63,0.1139126984126984,0.05403124999999999,1.041917013888889,2026-01-19/2026-01-25
FH|sábado,FH,sábado,oceania,2,-0.2775000000000001,0.05403124999999999,1.0,2026-01-19/2026-01-25
FH|sábado,FH,sábado,oriente_medio,19,0.0925,0.05403124999999999,1.0,2026-01-19/2026-01-25
