ID Aposta,BIA_ApostaUTC,week,bet_type,dow_pt,rule_key,alpha_effective,stake_eff,house_cap,RebelBetting.Result,BetinAsia.got price,ApostaLive.Aux1 - maior odd,odd_got,odd_aux,slippage_odds,roi_got,roi_aux,roi_got_cap2,roi_aux_cap2,delta_profit_cap2,delta_profit_uncapped,slippage_covered
6034,2025-10-23 00:07:00,2025-10-20/2025-10-26,FH,quinta-feira,FH|quinta-feira,1.0,46.0,54.0,HalfWin,,1917.0,,1.917,,,0.4585,,0.4585,,,0
6046,2025-10-23 03:28:00,2025-10-20/2025-10-26,FH,quinta-feira,FH|quinta-feira,1.0,46.0,104.0,HalfLose,,2040.0,,2.04,,,-0.5,,-0.5,,,0
6049,2025-10-23 04:06:00,2025-10-20/2025-10-26,FH,quinta-feira,FH|quinta-feira,1.0,46.0,126.0,Void,,1492.0,,1.492,,,0.0,,0.0,,,0
6054,2025-10-23 05:17:00,2025-10-20/2025-10-26,FH,quinta-feira,FH|quinta-feira,1.0,46.0,87.0,Win,,1574.0,,1.574,,,0.5740000000000001,,0.5740000000000001,,,0
6078,2025-10-23 08:25:00,2025-10-20/2025-10-26,FH,quinta-feira,FH|quinta-feira,1.0,46.0,126.0,HalfLose,,1960.0,,1.96,,,-0.5,,-0.5,,,0
6093,2025-10-23 09:51:00,2025-10-20/2025-10-26,FH,quinta-feira,FH|quinta-feira,1.0,46.0,133.0,Win,,2142.0,,2.142,,,1.142,,1.142,,,0
6116,2025-10-23 12:01:00,2025-10-20/2025-10-26,FH,quinta-feira,FH|quinta-feira,1.0,46.0,108.0,Win,,1994.0,,1.994,,,0.994,,0.994,,,0
6128,2025-10-23 12:38:00,2025-10-20/2025-10-26,FH,quinta-feira,FH|quinta-feira,1.0,46.0,63.0,Win,,1793.0,,1.793,,,0.7929999999999999,,0.7929999999999999,,,0
6147,2025-10-23 14:59:00,2025-10-20/2025-10-26,FH,quinta-feira,FH|quinta-feira,1.0,46.0,307.0,Lose,1.974,1974.0,1.974,1.974,0.0,-1.0,-1.0,-1.0,-1.0,0.0,0.0,1
6148,2025-10-23 15:04:00,2025-10-20/2025-10-26,FH,quinta-feira,FH|quinta-feira,1.0,46.0,307.0,Lose,1.974,1974.0,1.974,1.974,0.0,-1.0,-1.0,-1.0,-1.0,0.0,0.0,1
6149,2025-10-23 15:13:00,2025-10-20/2025-10-26,FH,quinta-feira,FH|quinta-feira,1.0,46.0,50.0,Lose,,2310.0,,2.31,,,-1.0,,-1.0,,,0
6150,2025-10-23 15:29:00,2025-10-20/2025-10-26,FH,quinta-feira,FH|quinta-feira,1.0,46.0,190.0,HalfLose,1.874,1874.0,1.874,1.874,0.0,-0.5,-0.5,-0.5,-0.5,0.0,0.0,1
6167,2025-10-23 17:01:00,2025-10-20/2025-10-26,FH,quinta-feira,FH|quinta-feira,1.0,46.0,84.0,Void,,1591.0,,1.591,,,0.0,,0.0,,,0
6179,2025-10-23 18:45:00,2025-10-20/2025-10-26,FH,quinta-feira,FH|quinta-feira,1.0,46.0,93.0,Void,,1540.0,,1.54,,,0.0,,0.0,,,0
6181,2025-10-23 19:12:00,2025-10-20/2025-10-26,FH,quinta-feira,FH|quinta-feira,1.0,46.0,225.0,Win,,2142.0,,2.142,,,1.142,,1.142,,,0
6190,2025-10-23 20:54:00,2025-10-20/2025-10-26,FH,quinta-feira,FH|quinta-feira,1.0,46.0,50.0,Void,,2800.0,,2.8,,,0.0,,0.0,,,0
6198,2025-10-23 21:28:00,2025-10-20/2025-10-26,FH,quinta-feira,FH|quinta-feira,1.0,46.0,108.0,Void,,1820.0,,1.82,,,0.0,,0.0,,,0
6207,2025-10-23 23:05:00,2025-10-20/2025-10-26,FH,quinta-feira,FH|quinta-feira,1.0,46.0,126.0,HalfLose,,1994.0,,1.994,,,-0.5,,-0.5,,,0
6208,2025-10-23 23:30:00,2025-10-20/2025-10-26,FH,quinta-feira,FH|quinta-feira,1.0,46.0,150.0,Win,,2142.0,,2.142,,,1.142,,1.142,,,0
8000,2025-10-29 01:43:00,2025-10-27/2025-11-02,FH,quarta-feira,FH|quarta-feira,1.0,23.0,163.0,Void,,1630.0,,1.63,,,0.0,,0.0,,,0
8008,2025-10-29 04:03:00,2025-10-27/2025-11-02,FH,quarta-feira,FH|quarta-feira,1.0,23.0,87.0,Lose,,1571.0,,1.571,,,-1.0,,-1.0,,,0
8009,2025-10-29 04:04:00,2025-10-27/2025-11-02,FH,quarta-feira,FH|quarta-feira,1.0,23.0,127.0,Win,,1910.0,,1.91,,,0.9099999999999999,,0.9099999999999999,,,0
8015,2025-10-29 04:08:00,2025-10-27/2025-11-02,FH,quarta-feira,FH|quarta-feira,1.0,23.0,127.0,Lose,,1980.0,,1.98,,,-1.0,,-1.0,,,0
8024,2025-10-29 04:14:00,2025-10-27/2025-11-02,FH,quarta-feira,FH|quarta-feira,1.0,23.0,208.0,Win,,2030.0,,2.03,,,1.0299999999999998,,1.0299999999999998,,,0
8025,2025-10-29 04:15:00,2025-10-27/2025-11-02,FH,quarta-feira,FH|quarta-feira,1.0,23.0,154.0,Lose,1.884,1884.0,1.884,1.884,0.0,-1.0,-1.0,-1.0,-1.0,0.0,0.0,1
8034,2025-10-29 05:08:00,2025-10-27/2025-11-02,FH,quarta-feira,FH|quarta-feira,1.0,23.0,29.0,Win,,1869.0,,1.869,,,0.869,,0.869,,,0
8039,2025-10-29 06:01:00,2025-10-27/2025-11-02,FH,quarta-feira,FH|quarta-feira,1.0,23.0,127.0,Lose,,1880.0,,1.88,,,-1.0,,-1.0,,,0
8041,2025-10-29 06:03:00,2025-10-27/2025-11-02,FH,quarta-feira,FH|quarta-feira,1.0,23.0,79.0,Win,,1632.0,,1.632,,,0.6319999999999999,,0.6319999999999999,,,0
8045,2025-10-29 06:13:00,2025-10-27/2025-11-02,FH,quarta-feira,FH|quarta-feira,1.0,23.0,125.0,HalfLose,,2010.0,,2.01,,,-0.5,,-0.5,,,0
8053,2025-10-29 07:12:00,2025-10-27/2025-11-02,FH,quarta-feira,FH|quarta-feira,1.0,23.0,50.0,Win,,2130.0,,2.13,,,1.13,,1.13,,,0
8075,2025-10-29 07:41:00,2025-10-27/2025-11-02,FH,quarta-feira,FH|quarta-feira,1.0,23.0,64.0,Lose,,1781.0,,1.781,,,-1.0,,-1.0,,,0
9525,2025-11-05 01:13:00,2025-11-03/2025-11-09,FT,quarta-feira,FT|quarta-feira,0.9040834307670592,57.0,57.0,Void,,1877.0,,1.877,,,0.0,,0.0,,,0
9527,2025-11-05 03:02:00,2025-11-03/2025-11-09,FT,quarta-feira,FT|quarta-feira,0.9040834307670592,50.0,50.0,Lose,,2440.0,,2.44,,,-1.0,,-1.0,,,0
9552,2025-11-05 05:08:00,2025-11-03/2025-11-09,FT,quarta-feira,FT|quarta-feira,0.9040834307670592,103.96959453821181,306.0,Void,,2030.0,,2.03,,,0.0,,0.0,,,0
9562,2025-11-05 07:03:00,2025-11-03/2025-11-09,FT,quarta-feira,FT|quarta-feira,0.9040834307670592,103.96959453821181,316.0,Void,,1920.0,,1.92,,,0.0,,0.0,,,0
9566,2025-11-05 07:19:00,2025-11-03/2025-11-09,FT,quarta-feira,FT|quarta-feira,0.9040834307670592,62.0,62.0,HalfWin,,1882.0,,1.882,,,0.44099999999999995,,0.44099999999999995,,,0
9575,2025-11-05 08:17:00,2025-11-03/2025-11-09,FT,quarta-feira,FT|quarta-feira,0.9040834307670592,50.0,50.0,Void,,2220.0,,2.22,,,0.0,,0.0,,,0
9577,2025-11-05 08:57:00,2025-11-03/2025-11-09,FT,quarta-feira,FT|quarta-feira,0.9040834307670592,103.96959453821181,632.0,Win,,1853.0,,1.853,,,0.853,,0.853,,,0
9578,2025-11-05 09:02:00,2025-11-03/2025-11-09,FT,quarta-feira,FT|quarta-feira,0.9040834307670592,92.0,92.0,Lose,,1815.0,,1.815,,,-1.0,,-1.0,,,0
9584,2025-11-05 09:20:00,2025-11-03/2025-11-09,FT,quarta-feira,FT|quarta-feira,0.9040834307670592,103.96959453821181,316.0,Win,,2030.0,,2.03,,,1.0299999999999998,,1.0299999999999998,,,0
9587,2025-11-05 09:39:00,2025-11-03/2025-11-09,FT,quarta-feira,FT|quarta-feira,0.9040834307670592,103.96959453821181,631.0,Win,,2047.0,,2.047,,,1.0470000000000002,,1.0470000000000002,,,0
9594,2025-11-05 11:11:00,2025-11-03/2025-11-09,FT,quarta-feira,FT|quarta-feira,0.9040834307670592,103.96959453821181,631.0,HalfLose,,2017.0,,2.017,,,-0.5,,-0.5,,,0
9601,2025-11-05 11:59:00,2025-11-03/2025-11-09,FT,quarta-feira,FT|quarta-feira,0.9040834307670592,103.96959453821181,870.0,Lose,,1863.0,,1.863,,,-1.0,,-1.0,,,0
9604,2025-11-05 12:05:00,2025-11-03/2025-11-09,FT,quarta-feira,FT|quarta-feira,0.9040834307670592,103.96959453821181,631.0,Win,,1920.0,,1.92,,,0.9199999999999999,,0.9199999999999999,,,0
9608,2025-11-05 12:36:00,2025-11-03/2025-11-09,FT,quarta-feira,FT|quarta-feira,0.9040834307670592,75.0,75.0,Lose,,2650.0,,2.65,,,-1.0,,-1.0,,,0
9609,2025-11-05 13:12:00,2025-11-03/2025-11-09,FT,quarta-feira,FT|quarta-feira,0.9040834307670592,103.96959453821181,1088.0,Lose,,1970.0,,1.97,,,-1.0,,-1.0,,,0
9613,2025-11-05 13:41:00,2025-11-03/2025-11-09,FT,quarta-feira,FT|quarta-feira,0.9040834307670592,103.96959453821181,1263.0,HalfWin,,1700.0,,1.7,,,0.35,,0.35,,,0
9615,2025-11-05 13:59:00,2025-11-03/2025-11-09,FT,quarta-feira,FT|quarta-feira,0.9040834307670592,103.96959453821181,316.0,HalfWin,,1810.0,,1.81,,,0.405,,0.405,,,0
9616,2025-11-05 14:00:00,2025-11-03/2025-11-09,FT,quarta-feira,FT|quarta-feira,0.9040834307670592,103.96959453821181,543.0,Win,,2000.0,,2.0,,,1.0,,1.0,,,0
9620,2025-11-05 15:33:00,2025-11-03/2025-11-09,FT,quarta-feira,FT|quarta-feira,0.9040834307670592,103.96959453821181,820.0,Lose,,2150.0,,2.15,,,-1.0,,-1.0,,,0
9641,2025-11-05 19:27:00,2025-11-03/2025-11-09,FT,quarta-feira,FT|quarta-feira,0.9040834307670592,103.96959453821181,320.0,Lose,,2168.0,,2.168,,,-1.0,,-1.0,,,0
9642,2025-11-05 19:35:00,2025-11-03/2025-11-09,FT,quarta-feira,FT|quarta-feira,0.9040834307670592,103.96959453821181,375.0,Win,,2400.0,,2.4,,,1.4,,1.4,,,0
9530,2025-11-05 04:04:00,2025-11-03/2025-11-09,FH,quarta-feira,FH|quarta-feira,0.9040834307670592,41.58783781528472,121.0,Win,,2040.0,,2.04,,,1.04,,1.04,,,0
9533,2025-11-05 04:06:00,2025-11-03/2025-11-09,FH,quarta-feira,FH|quarta-feira,0.9040834307670592,41.58783781528472,95.0,HalfLose,,2330.0,,2.33,,,-0.5,,-0.5,,,0
9534,2025-11-05 04:07:00,2025-11-03/2025-11-09,FH,quarta-feira,FH|quarta-feira,0.9040834307670592,41.58783781528472,166.0,Lose,,1890.0,,1.89,,,-1.0,,-1.0,,,0
9535,2025-11-05 04:07:00,2025-11-03/2025-11-09,FH,quarta-feira,FH|quarta-feira,0.9040834307670592,41.58783781528472,126.0,Lose,,1700.0,,1.7,,,-1.0,,-1.0,,,0
9537,2025-11-05 04:08:00,2025-11-03/2025-11-09,FH,quarta-feira,FH|quarta-feira,0.9040834307670592,41.58783781528472,126.0,Lose,,1950.0,,1.95,,,-1.0,,-1.0,,,0
9542,2025-11-05 04:09:00,2025-11-03/2025-11-09,FH,quarta-feira,FH|quarta-feira,0.9040834307670592,41.58783781528472,387.0,Win,,1640.0,,1.64,,,0.6399999999999999,,0.6399999999999999,,,0
9543,2025-11-05 04:10:00,2025-11-03/2025-11-09,FH,quarta-feira,FH|quarta-feira,0.9040834307670592,41.58783781528472,958.0,Win,,1500.0,,1.5,,,0.5,,0.5,,,0
9544,2025-11-05 04:10:00,2025-11-03/2025-11-09,FH,quarta-feira,FH|quarta-feira,0.9040834307670592,41.58783781528472,126.0,Win,,1620.0,,1.62,,,0.6200000000000001,,0.6200000000000001,,,0
9564,2025-11-05 07:09:00,2025-11-03/2025-11-09,FH,quarta-feira,FH|quarta-feira,0.9040834307670592,41.58783781528472,126.0,Win,,1970.0,,1.97,,,0.97,,0.97,,,0
9585,2025-11-05 09:25:00,2025-11-03/2025-11-09,FH,quarta-feira,FH|quarta-feira,0.9040834307670592,41.58783781528472,118.0,Void,,2070.0,,2.07,,,0.0,,0.0,,,0
9596,2025-11-05 11:42:00,2025-11-03/2025-11-09,FH,quarta-feira,FH|quarta-feira,0.9040834307670592,41.58783781528472,311.0,Lose,,1920.0,,1.92,,,-1.0,,-1.0,,,0
9598,2025-11-05 11:44:00,2025-11-03/2025-11-09,FH,quarta-feira,FH|quarta-feira,0.9040834307670592,41.58783781528472,439.0,Void,,1540.0,,1.54,,,0.0,,0.0,,,0
9602,2025-11-05 12:01:00,2025-11-03/2025-11-09,FH,quarta-feira,FH|quarta-feira,0.9040834307670592,41.58783781528472,237.0,Lose,,1694.0,,1.694,,,-1.0,,-1.0,,,0
9605,2025-11-05 12:16:00,2025-11-03/2025-11-09,FH,quarta-feira,FH|quarta-feira,0.9040834307670592,41.58783781528472,55.0,HalfLose,,1917.0,,1.917,,,-0.5,,-0.5,,,0
9624,2025-11-05 15:59:00,2025-11-03/2025-11-09,FH,quarta-feira,FH|quarta-feira,0.9040834307670592,41.58783781528472,162.0,Win,,2170.0,,2.17,,,1.17,,1.17,,,0
9625,2025-11-05 16:19:00,2025-11-03/2025-11-09,FH,quarta-feira,FH|quarta-feira,0.9040834307670592,41.58783781528472,1979.0,Win,,1820.0,,1.82,,,0.8200000000000001,,0.8200000000000001,,,0
9630,2025-11-05 17:05:00,2025-11-03/2025-11-09,FH,quarta-feira,FH|quarta-feira,0.9040834307670592,41.58783781528472,125.0,Void,,2270.0,,2.27,,,0.0,,0.0,,,0
9636,2025-11-05 19:19:00,2025-11-03/2025-11-09,FH,quarta-feira,FH|quarta-feira,0.9040834307670592,41.58783781528472,61.0,Void,,1819.0,,1.819,,,0.0,,0.0,,,0
9637,2025-11-05 19:22:00,2025-11-03/2025-11-09,FH,quarta-feira,FH|quarta-feira,0.9040834307670592,41.58783781528472,126.0,Void,,1910.0,,1.91,,,0.0,,0.0,,,0
9645,2025-11-05 20:28:00,2025-11-03/2025-11-09,FH,quarta-feira,FH|quarta-feira,0.9040834307670592,41.58783781528472,50.0,Win,,2590.0,,2.59,,,1.5899999999999999,,1.5899999999999999,,,0
9649,2025-11-05 21:48:00,2025-11-03/2025-11-09,FH,quarta-feira,FH|quarta-feira,0.9040834307670592,41.58783781528472,126.0,Win,,1980.0,,1.98,,,0.98,,0.98,,,0
9661,2025-11-06 00:07:00,2025-11-03/2025-11-09,FH,quinta-feira,FH|quinta-feira,0.9040834307670592,62.381756722927086,278.0,Void,,2200.0,,2.2,,,0.0,,0.0,,,0
9731,2025-11-06 12:36:00,2025-11-03/2025-11-09,FH,quinta-feira,FH|quinta-feira,0.9040834307670592,62.381756722927086,126.0,HalfWin,,1990.0,,1.99,,,0.495,,0.495,,,0
9746,2025-11-06 14:00:00,2025-11-03/2025-11-09,FH,quinta-feira,FH|quinta-feira,0.9040834307670592,62.381756722927086,134.0,Lose,,1483.0,,1.483,,,-1.0,,-1.0,,,0
9747,2025-11-06 14:08:00,2025-11-03/2025-11-09,FH,quinta-feira,FH|quinta-feira,0.9040834307670592,62.381756722927086,135.0,Lose,,1600.0,,1.6,,,-1.0,,-1.0,,,0
9753,2025-11-06 14:43:00,2025-11-03/2025-11-09,FH,quinta-feira,FH|quinta-feira,0.9040834307670592,50.0,50.0,Lose,,2120.0,,2.12,,,-1.0,,-1.0,,,0
9760,2025-11-06 15:02:00,2025-11-03/2025-11-09,FH,quinta-feira,FH|quinta-feira,0.9040834307670592,62.381756722927086,126.0,Lose,,1910.0,,1.91,,,-1.0,,-1.0,,,0
9761,2025-11-06 15:03:00,2025-11-03/2025-11-09,FH,quinta-feira,FH|quinta-feira,0.9040834307670592,62.381756722927086,242.0,Win,,1560.0,,1.56,,,0.56,,0.56,,,0
9769,2025-11-06 15:47:00,2025-11-03/2025-11-09,FH,quinta-feira,FH|quinta-feira,0.9040834307670592,62.381756722927086,126.0,Win,,1910.0,,1.91,,,0.9099999999999999,,0.9099999999999999,,,0
9781,2025-11-06 16:49:00,2025-11-03/2025-11-09,FH,quinta-feira,FH|quinta-feira,0.9040834307670592,62.381756722927086,1264.0,Lose,,1994.0,,1.994,,,-1.0,,-1.0,,,0
9785,2025-11-06 17:27:00,2025-11-03/2025-11-09,FH,quinta-feira,FH|quinta-feira,0.9040834307670592,50.0,50.0,Lose,,2600.0,,2.6,,,-1.0,,-1.0,,,0
9798,2025-11-06 17:57:00,2025-11-03/2025-11-09,FH,quinta-feira,FH|quinta-feira,0.9040834307670592,62.381756722927086,207.0,Lose,,1860.0,,1.86,,,-1.0,,-1.0,,,0
9806,2025-11-06 18:43:00,2025-11-03/2025-11-09,FH,quinta-feira,FH|quinta-feira,0.9040834307670592,62.381756722927086,190.0,Lose,,2000.0,,2.0,,,-1.0,,-1.0,,,0
9810,2025-11-06 18:59:00,2025-11-03/2025-11-09,FH,quinta-feira,FH|quinta-feira,0.9040834307670592,62.381756722927086,126.0,HalfLose,,1930.0,,1.93,,,-0.5,,-0.5,,,0
9820,2025-11-06 19:42:00,2025-11-03/2025-11-09,FH,quinta-feira,FH|quinta-feira,0.9040834307670592,62.381756722927086,116.0,HalfLose,,2090.0,,2.09,,,-0.5,,-0.5,,,0
9821,2025-11-06 19:48:00,2025-11-03/2025-11-09,FH,quinta-feira,FH|quinta-feira,0.9040834307670592,62.381756722927086,126.0,Win,,2004.0,,2.004,,,1.004,,1.004,,,0
9836,2025-11-06 22:40:00,2025-11-03/2025-11-09,FH,quinta-feira,FH|quinta-feira,0.9040834307670592,62.381756722927086,126.0,HalfWin,,1800.0,,1.8,,,0.4,,0.4,,,0
9838,2025-11-06 22:44:00,2025-11-03/2025-11-09,FH,quinta-feira,FH|quinta-feira,0.9040834307670592,62.381756722927086,148.0,Lose,,1630.0,,1.63,,,-1.0,,-1.0,,,0
11263,2025-11-12 05:51:00,2025-11-10/2025-11-16,FT,quarta-feira,FT|quarta-feira,0.6215238571166992,71.47524356842041,298.0,HalfLose,,2060.0,,2.06,,,-0.5,,-0.5,,,0
11265,2025-11-12 07:01:00,2025-11-10/2025-11-16,FT,quarta-feira,FT|quarta-feira,0.6215238571166992,71.47524356842041,548.0,HalfWin,,1900.0,,1.9,,,0.44999999999999996,,0.44999999999999996,,,0
11266,2025-11-12 07:02:00,2025-11-10/2025-11-16,FT,quarta-feira,FT|quarta-feira,0.6215238571166992,71.47524356842041,548.0,Void,,1960.0,,1.96,,,0.0,,0.0,,,0
11268,2025-11-12 07:56:00,2025-11-10/2025-11-16,FT,quarta-feira,FT|quarta-feira,0.6215238571166992,71.47524356842041,329.0,Win,,1960.0,,1.96,,,0.96,,0.96,,,0
11270,2025-11-12 08:25:00,2025-11-10/2025-11-16,FT,quarta-feira,FT|quarta-feira,0.6215238571166992,71.47524356842041,139.0,Lose,,1540.0,,1.54,,,-1.0,,-1.0,,,0
11271,2025-11-12 08:39:00,2025-11-10/2025-11-16,FT,quarta-feira,FT|quarta-feira,0.6215238571166992,71.47524356842041,1265.0,Void,,1970.0,,1.97,,,0.0,,0.0,,,0
11272,2025-11-12 08:43:00,2025-11-10/2025-11-16,FT,quarta-feira,FT|quarta-feira,0.6215238571166992,71.47524356842041,1265.0,Lose,,2000.0,,2.0,,,-1.0,,-1.0,,,0
11273,2025-11-12 08:47:00,2025-11-10/2025-11-16,FT,quarta-feira,FT|quarta-feira,0.6215238571166992,71.47524356842041,316.0,Void,,2000.0,,2.0,,,0.0,,0.0,,,0
11293,2025-11-12 11:17:00,2025-11-10/2025-11-16,FT,quarta-feira,FT|quarta-feira,0.6215238571166992,71.47524356842041,548.0,Lose,,1760.0,,1.76,,,-1.0,,-1.0,,,0
11300,2025-11-12 11:50:00,2025-11-10/2025-11-16,FT,quarta-feira,FT|quarta-feira,0.6215238571166992,71.47524356842041,632.0,HalfWin,,1866.0,,1.866,,,0.43300000000000005,,0.43300000000000005,,,0
11304,2025-11-12 12:06:00,2025-11-10/2025-11-16,FT,quarta-feira,FT|quarta-feira,0.6215238571166992,71.47524356842041,370.0,HalfWin,,1900.0,,1.9,,,0.44999999999999996,,0.44999999999999996,,,0
11309,2025-11-12 12:53:00,2025-11-10/2025-11-16,FT,quarta-feira,FT|quarta-feira,0.6215238571166992,71.47524356842041,511.0,Lose,,2370.0,,2.37,,,-1.0,,-1.0,,,0
11314,2025-11-12 13:33:00,2025-11-10/2025-11-16,FT,quarta-feira,FT|quarta-feira,0.6215238571166992,71.47524356842041,256.0,Win,1.505,1500.0,1.505,1.5,0.004999999999999893,0.5049999999999999,0.5,0.5049999999999999,0.5,0.35737621784209445,0.35737621784209445,1
11315,2025-11-12 13:51:00,2025-11-10/2025-11-16,FT,quarta-feira,FT|quarta-feira,0.6215238571166992,71.47524356842041,555.0,Win,,1675.0,,1.675,,,0.675,,0.675,,,0
11317,2025-11-12 15:16:00,2025-11-10/2025-11-16,FT,quarta-feira,FT|quarta-feira,0.6215238571166992,71.47524356842041,146.0,Win,,1751.0,,1.751,,,0.7509999999999999,,0.7509999999999999,,,0
11324,2025-11-12 16:43:00,2025-11-10/2025-11-16,FT,quarta-feira,FT|quarta-feira,0.6215238571166992,71.47524356842041,190.0,Lose,1.81,1810.0,1.81,1.81,0.0,-1.0,-1.0,-1.0,-1.0,0.0,0.0,1
11325,2025-11-12 17:05:00,2025-11-10/2025-11-16,FT,quarta-feira,FT|quarta-feira,0.6215238571166992,71.47524356842041,218.0,Win,,1555.0,,1.555,,,0.5549999999999999,,0.5549999999999999,,,0
11326,2025-11-12 17:10:00,2025-11-10/2025-11-16,FT,quarta-feira,FT|quarta-feira,0.6215238571166992,71.47524356842041,543.0,Win,,2420.0,,2.42,,,1.42,,1.42,,,0
11330,2025-11-12 18:41:00,2025-11-10/2025-11-16,FT,quarta-feira,FT|quarta-feira,0.6215238571166992,71.47524356842041,549.0,Win,,1900.0,,1.9,,,0.8999999999999999,,0.8999999999999999,,,0
11342,2025-11-12 19:54:00,2025-11-10/2025-11-16,FT,quarta-feira,FT|quarta-feira,0.6215238571166992,71.47524356842041,548.0,HalfLose,,1910.0,,1.91,,,-0.5,,-0.5,,,0
11355,2025-11-12 22:18:00,2025-11-10/2025-11-16,FT,quarta-feira,FT|quarta-feira,0.6215238571166992,71.47524356842041,165.0,Win,,2040.0,,2.04,,,1.04,,1.04,,,0
11258,2025-11-12 04:06:00,2025-11-10/2025-11-16,FH,quarta-feira,FH|quarta-feira,0.6215238571166992,28.590097427368164,110.0,HalfLose,,2000.0,,2.0,,,-0.5,,-0.5,,,0
11316,2025-11-12 14:31:00,2025-11-10/2025-11-16,FH,quarta-feira,FH|quarta-feira,0.6215238571166992,28.590097427368164,78.0,Void,,1636.0,,1.636,,,0.0,,0.0,,,0
11329,2025-11-12 18:10:00,2025-11-10/2025-11-16,FH,quarta-feira,FH|quarta-feira,0.6215238571166992,28.590097427368164,274.0,Lose,,1790.0,,1.79,,,-1.0,,-1.0,,,0
11344,2025-11-12 20:17:00,2025-11-10/2025-11-16,FH,quarta-feira,FH|quarta-feira,0.6215238571166992,28.590097427368164,110.0,Lose,,2004.0,,2.004,,,-1.0,,-1.0,,,0
11346,2025-11-12 20:43:00,2025-11-10/2025-11-16,FH,quarta-feira,FH|quarta-feira,0.6215238571166992,28.590097427368164,113.0,Lose,,2460.0,,2.46,,,-1.0,,-1.0,,,0
11352,2025-11-12 22:14:00,2025-11-10/2025-11-16,FH,quarta-feira,FH|quarta-feira,0.6215238571166992,28.590097427368164,126.0,HalfWin,,1830.0,,1.83,,,0.41500000000000004,,0.41500000000000004,,,0
12881,2025-11-19 04:48:00,2025-11-17/2025-11-23,FT,quarta-feira,FT|quarta-feira,0.6001525521278381,69.01754349470139,285.0,Lose,,2110.0,,2.11,,,-1.0,,-1.0,,,0
12882,2025-11-19 05:12:00,2025-11-17/2025-11-23,FT,quarta-feira,FT|quarta-feira,0.6001525521278381,69.01754349470139,245.0,Win,,2120.0,,2.12,,,1.12,,1.12,,,0
12890,2025-11-19 06:19:00,2025-11-17/2025-11-23,FT,quarta-feira,FT|quarta-feira,0.6001525521278381,69.01754349470139,75.0,Lose,,2290.0,,2.29,,,-1.0,,-1.0,,,0
12914,2025-11-19 10:30:00,2025-11-17/2025-11-23,FT,quarta-feira,FT|quarta-feira,0.6001525521278381,69.01754349470139,358.0,Lose,,1700.0,,1.7,,,-1.0,,-1.0,,,0
12926,2025-11-19 13:17:00,2025-11-17/2025-11-23,FT,quarta-feira,FT|quarta-feira,0.6001525521278381,25.0,25.0,Win,,2410.0,,2.41,,,1.4100000000000001,,1.4100000000000001,,,0
12930,2025-11-19 13:45:00,2025-11-17/2025-11-23,FT,quarta-feira,FT|quarta-feira,0.6001525521278381,69.01754349470139,75.0,Win,,2610.0,,2.61,,,1.6099999999999999,,1.6099999999999999,,,0
12932,2025-11-19 14:14:00,2025-11-17/2025-11-23,FT,quarta-feira,FT|quarta-feira,0.6001525521278381,69.01754349470139,74.0,Void,,1505.0,,1.505,,,0.0,,0.0,,,0
12934,2025-11-19 14:19:00,2025-11-17/2025-11-23,FT,quarta-feira,FT|quarta-feira,0.6001525521278381,69.01754349470139,264.0,HalfLose,,2200.0,,2.2,,,-0.5,,-0.5,,,0
12942,2025-11-19 14:40:00,2025-11-17/2025-11-23,FT,quarta-feira,FT|quarta-feira,0.6001525521278381,69.01754349470139,114.0,HalfLose,,1751.0,,1.751,,,-0.5,,-0.5,,,0
12950,2025-11-19 16:53:00,2025-11-17/2025-11-23,FT,quarta-feira,FT|quarta-feira,0.6001525521278381,69.01754349470139,200.0,Win,2.94,2940.0,2.94,2.94,0.0,1.94,1.94,1.94,1.94,0.0,0.0,1
12982,2025-11-19 23:52:00,2025-11-17/2025-11-23,FT,quarta-feira,FT|quarta-feira,0.6001525521278381,69.01754349470139,633.0,Win,,2190.0,,2.19,,,1.19,,1.19,,,0
12915,2025-11-19 11:18:00,2025-11-17/2025-11-23,FH,quarta-feira,FH|quarta-feira,0.6001525521278381,27.607017397880554,185.0,Win,,1890.0,,1.89,,,0.8899999999999999,,0.8899999999999999,,,0
12924,2025-11-19 13:08:00,2025-11-17/2025-11-23,FH,quarta-feira,FH|quarta-feira,0.6001525521278381,27.607017397880554,127.0,HalfLose,,1940.0,,1.94,,,-0.5,,-0.5,,,0
12929,2025-11-19 13:44:00,2025-11-17/2025-11-23,FH,quarta-feira,FH|quarta-feira,0.6001525521278381,27.607017397880554,160.0,Win,,1790.0,,1.79,,,0.79,,0.79,,,0
12931,2025-11-19 13:46:00,2025-11-17/2025-11-23,FH,quarta-feira,FH|quarta-feira,0.6001525521278381,27.607017397880554,154.0,Win,2.07,2070.0,2.07,2.07,0.0,1.0699999999999998,1.0699999999999998,1.0699999999999998,1.0699999999999998,0.0,0.0,1
12951,2025-11-19 17:14:00,2025-11-17/2025-11-23,FH,quarta-feira,FH|quarta-feira,0.6001525521278381,27.607017397880554,164.0,Lose,1.91,1910.0,1.91,1.91,0.0,-1.0,-1.0,-1.0,-1.0,0.0,0.0,1
12956,2025-11-19 18:28:00,2025-11-17/2025-11-23,FH,quarta-feira,FH|quarta-feira,0.6001525521278381,27.607017397880554,190.0,Void,,1650.0,,1.65,,,0.0,,0.0,,,0
12960,2025-11-19 19:13:00,2025-11-17/2025-11-23,FH,quarta-feira,FH|quarta-feira,0.6001525521278381,27.607017397880554,487.0,Win,,2120.0,,2.12,,,1.12,,1.12,,,0
12970,2025-11-19 20:16:00,2025-11-17/2025-11-23,FH,quarta-feira,FH|quarta-feira,0.6001525521278381,27.607017397880554,231.0,Void,,1690.0,,1.69,,,0.0,,0.0,,,0
14370,2025-11-26 00:29:00,2025-11-24/2025-11-30,FT,quarta-feira,FT|quarta-feira,0.6001525521278381,69.01754349470139,146.0,Lose,,2112.0,,2.112,,,-1.0,,-1.0,,,0
14379,2025-11-26 04:06:00,2025-11-24/2025-11-30,FT,quarta-feira,FT|quarta-feira,0.6001525521278381,69.01754349470139,72.0,Win,,1854.0,,1.854,,,0.8540000000000001,,0.8540000000000001,,,0
14401,2025-11-26 06:21:00,2025-11-24/2025-11-30,FT,quarta-feira,FT|quarta-feira,0.6001525521278381,69.01754349470139,113.0,Lose,,1782.0,,1.782,,,-1.0,,-1.0,,,0
14402,2025-11-26 06:25:00,2025-11-24/2025-11-30,FT,quarta-feira,FT|quarta-feira,0.6001525521278381,69.01754349470139,274.0,HalfLose,2.1,2100.0,2.1,2.1,0.0,-0.5,-0.5,-0.5,-0.5,0.0,0.0,1
14403,2025-11-26 06:32:00,2025-11-24/2025-11-30,FT,quarta-feira,FT|quarta-feira,0.6001525521278381,69.01754349470139,71.0,Win,,1704.0,,1.704,,,0.704,,0.704,,,0
14409,2025-11-26 07:11:00,2025-11-24/2025-11-30,FT,quarta-feira,FT|quarta-feira,0.6001525521278381,69.01754349470139,271.0,Lose,,2054.0,,2.054,,,-1.0,,-1.0,,,0
14411,2025-11-26 07:40:00,2025-11-24/2025-11-30,FT,quarta-feira,FT|quarta-feira,0.6001525521278381,55.0,55.0,HalfLose,1.763,1763.0,1.763,1.763,0.0,-0.5,-0.5,-0.5,-0.5,0.0,0.0,1
14412,2025-11-26 07:46:00,2025-11-24/2025-11-30,FT,quarta-feira,FT|quarta-feira,0.6001525521278381,69.01754349470139,548.0,Void,,1960.0,,1.96,,,0.0,,0.0,,,0
14415,2025-11-26 08:03:00,2025-11-24/2025-11-30,FT,quarta-feira,FT|quarta-feira,0.6001525521278381,69.01754349470139,105.0,Lose,,1714.0,,1.714,,,-1.0,,-1.0,,,0
14416,2025-11-26 08:15:00,2025-11-24/2025-11-30,FT,quarta-feira,FT|quarta-feira,0.6001525521278381,69.01754349470139,636.0,Lose,,2000.0,,2.0,,,-1.0,,-1.0,,,0
14418,2025-11-26 08:22:00,2025-11-24/2025-11-30,FT,quarta-feira,FT|quarta-feira,0.6001525521278381,69.01754349470139,548.0,Win,,2000.0,,2.0,,,1.0,,1.0,,,0
14422,2025-11-26 09:29:00,2025-11-24/2025-11-30,FT,quarta-feira,FT|quarta-feira,0.6001525521278381,69.01754349470139,118.0,Win,,1688.0,,1.688,,,0.688,,0.688,,,0
14424,2025-11-26 09:44:00,2025-11-24/2025-11-30,FT,quarta-feira,FT|quarta-feira,0.6001525521278381,69.01754349470139,777.0,Win,,1363.0,,1.363,,,0.363,,0.363,,,0
14431,2025-11-26 10:26:00,2025-11-24/2025-11-30,FT,quarta-feira,FT|quarta-feira,0.6001525521278381,69.01754349470139,75.0,Void,,2110.0,,2.11,,,0.0,,0.0,,,0
14433,2025-11-26 10:53:00,2025-11-24/2025-11-30,FT,quarta-feira,FT|quarta-feira,0.6001525521278381,69.01754349470139,274.0,Lose,,1900.0,,1.9,,,-1.0,,-1.0,,,0
14434,2025-11-26 10:54:00,2025-11-24/2025-11-30,FT,quarta-feira,FT|quarta-feira,0.6001525521278381,69.01754349470139,150.0,Win,,2140.0,,2.14,,,1.1400000000000001,,1.1400000000000001,,,0
14438,2025-11-26 11:22:00,2025-11-24/2025-11-30,FT,quarta-feira,FT|quarta-feira,0.6001525521278381,69.01754349470139,107.0,Win,1.751,1699.0,1.751,1.699,0.051999999999999824,0.7509999999999999,0.6990000000000001,0.7509999999999999,0.6990000000000001,3.58891226172446,3.58891226172446,1
14439,2025-11-26 11:27:00,2025-11-24/2025-11-30,FT,quarta-feira,FT|quarta-feira,0.6001525521278381,69.01754349470139,485.0,Lose,2.18,2231.0,2.18,2.231,-0.05099999999999971,-1.0,-1.0,-1.0,-1.0,0.0,0.0,1
14447,2025-11-26 11:52:00,2025-11-24/2025-11-30,FT,quarta-feira,FT|quarta-feira,0.6001525521278381,69.01754349470139,1096.0,Lose,,1900.0,,1.9,,,-1.0,,-1.0,,,0
14452,2025-11-26 12:22:00,2025-11-24/2025-11-30,FT,quarta-feira,FT|quarta-feira,0.6001525521278381,69.01754349470139,179.0,Lose,,1699.0,,1.699,,,-1.0,,-1.0,,,0
14457,2025-11-26 13:08:00,2025-11-24/2025-11-30,FT,quarta-feira,FT|quarta-feira,0.6001525521278381,69.01754349470139,123.0,Win,1.609,1609.0,1.609,1.609,0.0,0.609,0.609,0.609,0.609,0.0,0.0,1
14460,2025-11-26 13:19:00,2025-11-24/2025-11-30,FT,quarta-feira,FT|quarta-feira,0.6001525521278381,69.01754349470139,85.0,Win,1.884,1884.0,1.884,1.884,0.0,0.8839999999999999,0.8839999999999999,0.8839999999999999,0.8839999999999999,0.0,0.0,1
14477,2025-11-26 15:52:00,2025-11-24/2025-11-30,FT,quarta-feira,FT|quarta-feira,0.6001525521278381,69.01754349470139,274.0,Lose,,1970.0,,1.97,,,-1.0,,-1.0,,,0
14502,2025-11-26 17:59:00,2025-11-24/2025-11-30,FT,quarta-feira,FT|quarta-feira,0.6001525521278381,69.01754349470139,181.0,Win,1.826,1826.0,1.826,1.826,0.0,0.8260000000000001,0.8260000000000001,0.8260000000000001,0.8260000000000001,0.0,0.0,1
14507,2025-11-26 18:21:00,2025-11-24/2025-11-30,FT,quarta-feira,FT|quarta-feira,0.6001525521278381,69.01754349470139,150.0,HalfWin,,2600.0,,2.6,,,0.8,,0.8,,,0
14516,2025-11-26 19:07:00,2025-11-24/2025-11-30,FT,quarta-feira,FT|quarta-feira,0.6001525521278381,69.01754349470139,2180.0,Lose,,2412.0,,2.412,,,-1.0,,-1.0,,,0
14526,2025-11-26 21:13:00,2025-11-24/2025-11-30,FT,quarta-feira,FT|quarta-feira,0.6001525521278381,69.01754349470139,653.0,Win,,1954.0,,1.954,,,0.954,,0.954,,,0
14385,2025-11-26 04:12:00,2025-11-24/2025-11-30,FH,quarta-feira,FH|quarta-feira,0.6001525521278381,27.607017397880554,230.0,Win,,2110.0,,2.11,,,1.1099999999999999,,1.1099999999999999,,,0
14388,2025-11-26 04:17:00,2025-11-24/2025-11-30,FH,quarta-feira,FH|quarta-feira,0.6001525521278381,27.607017397880554,202.0,Win,,1870.0,,1.87,,,0.8700000000000001,,0.8700000000000001,,,0
14392,2025-11-26 04:36:00,2025-11-24/2025-11-30,FH,quarta-feira,FH|quarta-feira,0.6001525521278381,27.607017397880554,127.0,HalfWin,,1974.0,,1.974,,,0.487,,0.487,,,0
14395,2025-11-26 05:15:00,2025-11-24/2025-11-30,FH,quarta-feira,FH|quarta-feira,0.6001525521278381,27.607017397880554,166.0,Void,,2092.0,,2.092,,,0.0,,0.0,,,0
14400,2025-11-26 06:16:00,2025-11-24/2025-11-30,FH,quarta-feira,FH|quarta-feira,0.6001525521278381,27.607017397880554,585.0,Lose,,2004.0,,2.004,,,-1.0,,-1.0,,,0
14410,2025-11-26 07:23:00,2025-11-24/2025-11-30,FH,quarta-feira,FH|quarta-feira,0.6001525521278381,27.607017397880554,50.0,Void,,2290.0,,2.29,,,0.0,,0.0,,,0
14413,2025-11-26 08:01:00,2025-11-24/2025-11-30,FH,quarta-feira,FH|quarta-feira,0.6001525521278381,27.607017397880554,41.0,Void,,1917.0,,1.917,,,0.0,,0.0,,,0
14427,2025-11-26 09:46:00,2025-11-24/2025-11-30,FH,quarta-feira,FH|quarta-feira,0.6001525521278381,27.607017397880554,50.0,Void,,2700.0,,2.7,,,0.0,,0.0,,,0
14429,2025-11-26 10:02:00,2025-11-24/2025-11-30,FH,quarta-feira,FH|quarta-feira,0.6001525521278381,27.607017397880554,127.0,HalfLose,,1970.0,,1.97,,,-0.5,,-0.5,,,0
14432,2025-11-26 10:47:00,2025-11-24/2025-11-30,FH,quarta-feira,FH|quarta-feira,0.6001525521278381,25.0,25.0,Lose,,2380.0,,2.38,,,-1.0,,-1.0,,,0
14440,2025-11-26 11:32:00,2025-11-24/2025-11-30,FH,quarta-feira,FH|quarta-feira,0.6001525521278381,27.607017397880554,37.0,Lose,,2240.0,,2.24,,,-1.0,,-1.0,,,0
14459,2025-11-26 13:17:00,2025-11-24/2025-11-30,FH,quarta-feira,FH|quarta-feira,0.6001525521278381,27.607017397880554,127.0,Void,,1710.0,,1.71,,,0.0,,0.0,,,0
14480,2025-11-26 16:14:00,2025-11-24/2025-11-30,FH,quarta-feira,FH|quarta-feira,0.6001525521278381,27.607017397880554,50.0,Lose,,2160.0,,2.16,,,-1.0,,-1.0,,,0
14491,2025-11-26 16:32:00,2025-11-24/2025-11-30,FH,quarta-feira,FH|quarta-feira,0.6001525521278381,27.607017397880554,38.0,Win,,2000.0,,2.0,,,1.0,,1.0,,,0
14505,2025-11-26 18:06:00,2025-11-24/2025-11-30,FH,quarta-feira,FH|quarta-feira,0.6001525521278381,27.607017397880554,110.0,Win,,1794.0,,1.794,,,0.794,,0.794,,,0
14509,2025-11-26 18:32:00,2025-11-24/2025-11-30,FH,quarta-feira,FH|quarta-feira,0.6001525521278381,27.607017397880554,85.0,Lose,,1735.0,,1.735,,,-1.0,,-1.0,,,0
14521,2025-11-26 19:38:00,2025-11-24/2025-11-30,FH,quarta-feira,FH|quarta-feira,0.6001525521278381,27.607017397880554,165.0,Win,,1880.0,,1.88,,,0.8799999999999999,,0.8799999999999999,,,0
14522,2025-11-26 20:13:00,2025-11-24/2025-11-30,FH,quarta-feira,FH|quarta-feira,0.6001525521278381,27.607017397880554,165.0,Lose,,1900.0,,1.9,,,-1.0,,-1.0,,,0
14530,2025-11-26 21:42:00,2025-11-24/2025-11-30,FH,quarta-feira,FH|quarta-feira,0.6001525521278381,27.607017397880554,127.0,HalfLose,,1890.0,,1.89,,,-0.5,,-0.5,,,0
15790,2025-12-03 02:32:00,2025-12-01/2025-12-07,FT,quarta-feira,FT|quarta-feira,0.6830205917358398,73.0,73.0,HalfWin,,2230.0,,2.23,,,0.615,,0.615,,,0
15823,2025-12-03 07:43:00,2025-12-01/2025-12-07,FT,quarta-feira,FT|quarta-feira,0.6830205917358398,78.54736804962158,153.0,Lose,,1630.0,,1.63,,,-1.0,,-1.0,,,0
15824,2025-12-03 07:54:00,2025-12-01/2025-12-07,FT,quarta-feira,FT|quarta-feira,0.6830205917358398,78.54736804962158,342.0,Lose,,1877.0,,1.877,,,-1.0,,-1.0,,,0
15829,2025-12-03 08:33:00,2025-12-01/2025-12-07,FT,quarta-feira,FT|quarta-feira,0.6830205917358398,75.0,75.0,Win,,2150.0,,2.15,,,1.15,,1.15,,,0
15830,2025-12-03 08:46:00,2025-12-01/2025-12-07,FT,quarta-feira,FT|quarta-feira,0.6830205917358398,39.0,39.0,Lose,,1961.0,,1.961,,,-1.0,,-1.0,,,0
15833,2025-12-03 09:03:00,2025-12-01/2025-12-07,FT,quarta-feira,FT|quarta-feira,0.6830205917358398,78.54736804962158,125.0,Lose,,2170.0,,2.17,,,-1.0,,-1.0,,,0
15834,2025-12-03 09:12:00,2025-12-01/2025-12-07,FT,quarta-feira,FT|quarta-feira,0.6830205917358398,78.54736804962158,92.0,Lose,,1868.0,,1.868,,,-1.0,,-1.0,,,0
15835,2025-12-03 10:07:00,2025-12-01/2025-12-07,FT,quarta-feira,FT|quarta-feira,0.6830205917358398,75.0,75.0,Lose,,2280.0,,2.28,,,-1.0,,-1.0,,,0
15836,2025-12-03 10:11:00,2025-12-01/2025-12-07,FT,quarta-feira,FT|quarta-feira,0.6830205917358398,78.54736804962158,512.0,Lose,,1615.0,,1.615,,,-1.0,,-1.0,,,0
15837,2025-12-03 10:16:00,2025-12-01/2025-12-07,FT,quarta-feira,FT|quarta-feira,0.6830205917358398,78.54736804962158,89.0,Win,,1840.0,,1.84,,,0.8400000000000001,,0.8400000000000001,,,0
15838,2025-12-03 10:32:00,2025-12-01/2025-12-07,FT,quarta-feira,FT|quarta-feira,0.6830205917358398,78.54736804962158,113.0,Win,,1666.0,,1.666,,,0.6659999999999999,,0.6659999999999999,,,0
15843,2025-12-03 10:47:00,2025-12-01/2025-12-07,FT,quarta-feira,FT|quarta-feira,0.6830205917358398,78.54736804962158,111.0,Lose,,2223.0,,2.223,,,-1.0,,-1.0,,,0
15845,2025-12-03 10:49:00,2025-12-01/2025-12-07,FT,quarta-feira,FT|quarta-feira,0.6830205917358398,49.0,49.0,Lose,,1763.0,,1.763,,,-1.0,,-1.0,,,0
15847,2025-12-03 10:58:00,2025-12-01/2025-12-07,FT,quarta-feira,FT|quarta-feira,0.6830205917358398,78.54736804962158,82.0,Void,,1917.0,,1.917,,,0.0,,0.0,,,0
15848,2025-12-03 11:20:00,2025-12-01/2025-12-07,FT,quarta-feira,FT|quarta-feira,0.6830205917358398,78.54736804962158,97.0,Win,,1805.0,,1.805,,,0.8049999999999999,,0.8049999999999999,,,0
15849,2025-12-03 11:44:00,2025-12-01/2025-12-07,FT,quarta-feira,FT|quarta-feira,0.6830205917358398,58.0,58.0,HalfLose,,1645.0,,1.645,,,-0.5,,-0.5,,,0
15850,2025-12-03 11:46:00,2025-12-01/2025-12-07,FT,quarta-feira,FT|quarta-feira,0.6830205917358398,78.54736804962158,387.0,Lose,,2293.0,,2.293,,,-1.0,,-1.0,,,0
15852,2025-12-03 12:04:00,2025-12-01/2025-12-07,FT,quarta-feira,FT|quarta-feira,0.6830205917358398,57.0,57.0,Win,,1884.0,,1.884,,,0.8839999999999999,,0.8839999999999999,,,0
15853,2025-12-03 12:29:00,2025-12-01/2025-12-07,FT,quarta-feira,FT|quarta-feira,0.6830205917358398,78.54736804962158,276.0,Lose,,1570.0,,1.57,,,-1.0,,-1.0,,,0
15855,2025-12-03 13:02:00,2025-12-01/2025-12-07,FT,quarta-feira,FT|quarta-feira,0.6830205917358398,78.54736804962158,1104.0,Win,,1895.0,,1.895,,,0.895,,0.895,,,0
15856,2025-12-03 13:03:00,2025-12-01/2025-12-07,FT,quarta-feira,FT|quarta-feira,0.6830205917358398,57.0,57.0,Win,,1692.0,,1.692,,,0.692,,0.692,,,0
15857,2025-12-03 13:28:00,2025-12-01/2025-12-07,FT,quarta-feira,FT|quarta-feira,0.6830205917358398,78.54736804962158,372.0,Void,,1944.0,,1.944,,,0.0,,0.0,,,0
15861,2025-12-03 14:41:00,2025-12-01/2025-12-07,FT,quarta-feira,FT|quarta-feira,0.6830205917358398,71.0,71.0,Win,,1699.0,,1.699,,,0.6990000000000001,,0.6990000000000001,,,0
15864,2025-12-03 15:09:00,2025-12-01/2025-12-07,FT,quarta-feira,FT|quarta-feira,0.6830205917358398,78.54736804962158,268.0,Win,,1795.0,,1.795,,,0.7949999999999999,,0.7949999999999999,,,0
15868,2025-12-03 15:47:00,2025-12-01/2025-12-07,FT,quarta-feira,FT|quarta-feira,0.6830205917358398,78.54736804962158,423.0,HalfLose,,2506.0,,2.506,,,-0.5,,-0.5,,,0
15873,2025-12-03 16:34:00,2025-12-01/2025-12-07,FT,quarta-feira,FT|quarta-feira,0.6830205917358398,78.54736804962158,90.0,Lose,,1833.0,,1.833,,,-1.0,,-1.0,,,0
15884,2025-12-03 18:45:00,2025-12-01/2025-12-07,FT,quarta-feira,FT|quarta-feira,0.6830205917358398,78.54736804962158,586.0,Lose,,1641.0,,1.641,,,-1.0,,-1.0,,,0
15885,2025-12-03 18:47:00,2025-12-01/2025-12-07,FT,quarta-feira,FT|quarta-feira,0.6830205917358398,78.54736804962158,751.0,Lose,,2340.0,,2.34,,,-1.0,,-1.0,,,0
15891,2025-12-03 18:58:00,2025-12-01/2025-12-07,FT,quarta-feira,FT|quarta-feira,0.6830205917358398,78.54736804962158,458.0,Lose,,1819.0,,1.819,,,-1.0,,-1.0,,,0
15895,2025-12-03 19:20:00,2025-12-01/2025-12-07,FT,quarta-feira,FT|quarta-feira,0.6830205917358398,2.0,2.0,HalfWin,,1485.0,,1.485,,,0.24250000000000005,,0.24250000000000005,,,0
16844,2025-12-08 00:15:00,2025-12-08/2025-12-14,FT,segunda-feira,FT|segunda-feira,0.7293199300765991,16.77435839176178,618.0,Lose,,1989.0,,1.989,,,-1.0,,-1.0,,,0
16853,2025-12-08 07:11:00,2025-12-08/2025-12-14,FT,segunda-feira,FT|segunda-feira,0.7293199300765991,16.77435839176178,304.0,Win,,2021.0,,2.021,,,1.021,,1.021,,,0
16857,2025-12-08 08:16:00,2025-12-08/2025-12-14,FT,segunda-feira,FT|segunda-feira,0.7293199300765991,16.77435839176178,96.0,Win,,1836.0,,1.836,,,0.8360000000000001,,0.8360000000000001,,,0
16859,2025-12-08 09:08:00,2025-12-08/2025-12-14,FT,segunda-feira,FT|segunda-feira,0.7293199300765991,16.77435839176178,59.0,HalfLose,,2020.0,,2.02,,,-0.5,,-0.5,,,0
16862,2025-12-08 10:15:00,2025-12-08/2025-12-14,FT,segunda-feira,FT|segunda-feira,0.7293199300765991,16.77435839176178,54.0,Win,,1917.0,,1.917,,,0.917,,0.917,,,0
16877,2025-12-08 10:42:00,2025-12-08/2025-12-14,FT,segunda-feira,FT|segunda-feira,0.7293199300765991,16.77435839176178,429.0,Win,,1950.0,,1.95,,,0.95,,0.95,,,0
16878,2025-12-08 10:46:00,2025-12-08/2025-12-14,FT,segunda-feira,FT|segunda-feira,0.7293199300765991,16.77435839176178,25.0,Win,,2520.0,,2.52,,,1.52,,1.52,,,0
16880,2025-12-08 11:21:00,2025-12-08/2025-12-14,FT,segunda-feira,FT|segunda-feira,0.7293199300765991,16.77435839176178,666.0,Void,,1917.0,,1.917,,,0.0,,0.0,,,0
16882,2025-12-08 11:42:00,2025-12-08/2025-12-14,FT,segunda-feira,FT|segunda-feira,0.7293199300765991,16.77435839176178,150.0,Win,,2435.0,,2.435,,,1.435,,1.435,,,0
16885,2025-12-08 12:44:00,2025-12-08/2025-12-14,FT,segunda-feira,FT|segunda-feira,0.7293199300765991,16.77435839176178,221.0,Lose,,1813.0,,1.813,,,-1.0,,-1.0,,,0
16887,2025-12-08 13:54:00,2025-12-08/2025-12-14,FT,segunda-feira,FT|segunda-feira,0.7293199300765991,16.77435839176178,4979.0,Win,,1602.0,,1.602,,,0.6020000000000001,,0.6020000000000001,,,0
16896,2025-12-08 15:07:00,2025-12-08/2025-12-14,FT,segunda-feira,FT|segunda-feira,0.7293199300765991,16.77435839176178,270.0,Win,,1440.0,,1.44,,,0.43999999999999995,,0.43999999999999995,,,0
16898,2025-12-08 16:28:00,2025-12-08/2025-12-14,FT,segunda-feira,FT|segunda-feira,0.7293199300765991,16.77435839176178,172.0,Win,,1737.0,,1.737,,,0.7370000000000001,,0.7370000000000001,,,0
16901,2025-12-08 16:56:00,2025-12-08/2025-12-14,FT,segunda-feira,FT|segunda-feira,0.7293199300765991,16.77435839176178,91.0,Win,,1900.0,,1.9,,,0.8999999999999999,,0.8999999999999999,,,0
16919,2025-12-08 21:16:00,2025-12-08/2025-12-14,FT,segunda-feira,FT|segunda-feira,0.7293199300765991,16.77435839176178,193.0,Win,,1917.0,,1.917,,,0.917,,0.917,,,0
16922,2025-12-08 23:13:00,2025-12-08/2025-12-14,FT,segunda-feira,FT|segunda-feira,0.7293199300765991,16.77435839176178,62.0,HalfWin,,1800.0,,1.8,,,0.4,,0.4,,,0
16923,2025-12-08 23:14:00,2025-12-08/2025-12-14,FT,segunda-feira,FT|segunda-feira,0.7293199300765991,16.77435839176178,373.0,Lose,,1709.0,,1.709,,,-1.0,,-1.0,,,0
17135,2025-12-10 06:11:00,2025-12-08/2025-12-14,FT,quarta-feira,FT|quarta-feira,0.7293199300765991,83.8717919588089,86.0,Lose,,1858.0,,1.858,,,-1.0,,-1.0,,,0
17154,2025-12-10 06:47:00,2025-12-08/2025-12-14,FT,quarta-feira,FT|quarta-feira,0.7293199300765991,83.8717919588089,322.0,Win,,1989.0,,1.989,,,0.9890000000000001,,0.9890000000000001,,,0
17155,2025-12-10 07:22:00,2025-12-08/2025-12-14,FT,quarta-feira,FT|quarta-feira,0.7293199300765991,83.8717919588089,122.0,Void,,1679.0,,1.679,,,0.0,,0.0,,,0
17156,2025-12-10 07:31:00,2025-12-08/2025-12-14,FT,quarta-feira,FT|quarta-feira,0.7293199300765991,83.8717919588089,138.0,Void,,1900.0,,1.9,,,0.0,,0.0,,,0
17158,2025-12-10 07:40:00,2025-12-08/2025-12-14,FT,quarta-feira,FT|quarta-feira,0.7293199300765991,78.0,78.0,Win,,1763.0,,1.763,,,0.7629999999999999,,0.7629999999999999,,,0
17159,2025-12-10 07:54:00,2025-12-08/2025-12-14,FT,quarta-feira,FT|quarta-feira,0.7293199300765991,54.0,54.0,Win,,2080.0,,2.08,,,1.08,,1.08,,,0
17162,2025-12-10 08:12:00,2025-12-08/2025-12-14,FT,quarta-feira,FT|quarta-feira,0.7293199300765991,83.8717919588089,414.0,Lose,,2338.0,,2.338,,,-1.0,,-1.0,,,0
17163,2025-12-10 08:14:00,2025-12-08/2025-12-14,FT,quarta-feira,FT|quarta-feira,0.7293199300765991,83.8717919588089,225.0,Void,,2380.0,,2.38,,,0.0,,0.0,,,0
17164,2025-12-10 08:20:00,2025-12-08/2025-12-14,FT,quarta-feira,FT|quarta-feira,0.7293199300765991,83.8717919588089,178.0,Void,,1769.0,,1.769,,,0.0,,0.0,,,0
17166,2025-12-10 09:29:00,2025-12-08/2025-12-14,FT,quarta-feira,FT|quarta-feira,0.7293199300765991,50.0,50.0,HalfWin,,2200.0,,2.2,,,0.6000000000000001,,0.6000000000000001,,,0
17176,2025-12-10 10:33:00,2025-12-08/2025-12-14,FT,quarta-feira,FT|quarta-feira,0.7293199300765991,83.8717919588089,217.0,Win,1.82,1820.0,1.82,1.82,0.0,0.8200000000000001,0.8200000000000001,0.8200000000000001,0.8200000000000001,0.0,0.0,1
17179,2025-12-10 10:55:00,2025-12-08/2025-12-14,FT,quarta-feira,FT|quarta-feira,0.7293199300765991,83.8717919588089,326.0,Lose,1.7,1700.0,1.7,1.7,0.0,-1.0,-1.0,-1.0,-1.0,0.0,0.0,1
17183,2025-12-10 11:17:00,2025-12-08/2025-12-14,FT,quarta-feira,FT|quarta-feira,0.7293199300765991,67.0,67.0,Lose,1.746,1746.0,1.746,1.746,0.0,-1.0,-1.0,-1.0,-1.0,0.0,0.0,1
17188,2025-12-10 14:15:00,2025-12-08/2025-12-14,FT,quarta-feira,FT|quarta-feira,0.7293199300765991,83.8717919588089,188.0,Win,1.713,1713.0,1.713,1.713,0.0,0.7130000000000001,0.7130000000000001,0.7130000000000001,0.7130000000000001,0.0,0.0,1
17192,2025-12-10 15:20:00,2025-12-08/2025-12-14,FT,quarta-feira,FT|quarta-feira,0.7293199300765991,83.8717919588089,138.0,Win,1.813,1813.0,1.813,1.813,0.0,0.813,0.813,0.813,0.813,0.0,0.0,1
17193,2025-12-10 15:29:00,2025-12-08/2025-12-14,FT,quarta-feira,FT|quarta-feira,0.7293199300765991,75.0,75.0,Void,2.46,2460.0,2.46,2.46,0.0,0.0,0.0,0.0,0.0,0.0,0.0,1
18023,2025-12-15 02:43:00,2025-12-15/2025-12-21,FT,segunda-feira,FT|segunda-feira,1.0,46.0,56.0,Win,,1900.0,,1.9,,,0.8999999999999999,,0.8999999999999999,,,0
18026,2025-12-15 04:36:00,2025-12-15/2025-12-21,FT,segunda-feira,FT|segunda-feira,1.0,46.0,99.0,Lose,,1760.0,,1.76,,,-1.0,,-1.0,,,0
18029,2025-12-15 05:57:00,2025-12-15/2025-12-21,FT,segunda-feira,FT|segunda-feira,1.0,46.0,250.0,Win,,2110.0,,2.11,,,1.1099999999999999,,1.1099999999999999,,,0
18030,2025-12-15 06:02:00,2025-12-15/2025-12-21,FT,segunda-feira,FT|segunda-feira,1.0,46.0,319.0,Lose,,1970.0,,1.97,,,-1.0,,-1.0,,,0
18032,2025-12-15 07:49:00,2025-12-15/2025-12-21,FT,segunda-feira,FT|segunda-feira,1.0,46.0,103.0,Lose,,2180.0,,2.18,,,-1.0,,-1.0,,,0
18035,2025-12-15 08:32:00,2025-12-15/2025-12-21,FT,segunda-feira,FT|segunda-feira,1.0,46.0,278.0,HalfWin,,1780.0,,1.78,,,0.39,,0.39,,,0
18834,2025-12-17 01:25:00,2025-12-15/2025-12-21,FT,quarta-feira,FT|quarta-feira,1.0,54.0,54.0,Win,1.97,1970.0,1.97,1.97,0.0,0.97,0.97,0.97,0.97,0.0,0.0,1
18838,2025-12-17 02:45:00,2025-12-15/2025-12-21,FT,quarta-feira,FT|quarta-feira,1.0,115.0,265.0,HalfWin,2.05,2050.0,2.05,2.05,0.0,0.5249999999999999,0.5249999999999999,0.5249999999999999,0.5249999999999999,0.0,0.0,1
18845,2025-12-17 04:14:00,2025-12-15/2025-12-21,FT,quarta-feira,FT|quarta-feira,1.0,25.0,25.0,Lose,2.1,2100.0,2.1,2.1,0.0,-1.0,-1.0,-1.0,-1.0,0.0,0.0,1
18849,2025-12-17 05:25:00,2025-12-15/2025-12-21,FT,quarta-feira,FT|quarta-feira,1.0,115.0,187.0,Win,2.057,2057.0,2.057,2.057,0.0,1.057,1.057,1.057,1.057,0.0,0.0,1
18856,2025-12-17 06:49:00,2025-12-15/2025-12-21,FT,quarta-feira,FT|quarta-feira,1.0,109.0,109.0,Lose,1.895,1895.0,1.895,1.895,0.0,-1.0,-1.0,-1.0,-1.0,0.0,0.0,1
18859,2025-12-17 07:09:00,2025-12-15/2025-12-21,FT,quarta-feira,FT|quarta-feira,1.0,51.0,51.0,Win,,1729.0,,1.729,,,0.7290000000000001,,0.7290000000000001,,,0
18861,2025-12-17 07:37:00,2025-12-15/2025-12-21,FT,quarta-feira,FT|quarta-feira,1.0,108.0,108.0,Lose,1.684,1689.0,1.684,1.689,-0.0050000000000001155,-1.0,-1.0,-1.0,-1.0,0.0,0.0,1
18865,2025-12-17 08:25:00,2025-12-15/2025-12-21,FT,quarta-feira,FT|quarta-feira,1.0,75.0,75.0,Lose,2.01,2010.0,2.01,2.01,0.0,-1.0,-1.0,-1.0,-1.0,0.0,0.0,1
18869,2025-12-17 09:04:00,2025-12-15/2025-12-21,FT,quarta-feira,FT|quarta-feira,1.0,75.0,75.0,HalfWin,2.639,2639.0,2.639,2.639,0.0,0.8194999999999999,0.8194999999999999,0.8194999999999999,0.8194999999999999,0.0,0.0,1
18870,2025-12-17 09:06:00,2025-12-15/2025-12-21,FT,quarta-feira,FT|quarta-feira,1.0,115.0,555.0,Lose,1.934,1934.0,1.934,1.934,0.0,-1.0,-1.0,-1.0,-1.0,0.0,0.0,1
18871,2025-12-17 09:40:00,2025-12-15/2025-12-21,FT,quarta-feira,FT|quarta-feira,1.0,115.0,555.0,Win,1.89,1890.0,1.89,1.89,0.0,0.8899999999999999,0.8899999999999999,0.8899999999999999,0.8899999999999999,0.0,0.0,1
18872,2025-12-17 09:42:00,2025-12-15/2025-12-21,FT,quarta-feira,FT|quarta-feira,1.0,25.0,25.0,Win,2.01,2010.0,2.01,2.01,0.0,1.0099999999999998,1.0099999999999998,1.0099999999999998,1.0099999999999998,0.0,0.0,1
18880,2025-12-17 10:40:00,2025-12-15/2025-12-21,FT,quarta-feira,FT|quarta-feira,1.0,115.0,277.0,HalfLose,1.99,1990.0,1.99,1.99,0.0,-0.5,-0.5,-0.5,-0.5,0.0,0.0,1
18885,2025-12-17 11:11:00,2025-12-15/2025-12-21,FT,quarta-feira,FT|quarta-feira,1.0,115.0,555.0,HalfLose,1.85,1850.0,1.85,1.85,0.0,-0.5,-0.5,-0.5,-0.5,0.0,0.0,1
18895,2025-12-17 13:13:00,2025-12-15/2025-12-21,FT,quarta-feira,FT|quarta-feira,1.0,115.0,167.0,Lose,1.86,1860.0,1.86,1.86,0.0,-1.0,-1.0,-1.0,-1.0,0.0,0.0,1
18898,2025-12-17 14:14:00,2025-12-15/2025-12-21,FT,quarta-feira,FT|quarta-feira,1.0,67.0,67.0,Lose,1.751,1751.0,1.751,1.751,0.0,-1.0,-1.0,-1.0,-1.0,0.0,0.0,1
18945,2025-12-17 17:42:00,2025-12-15/2025-12-21,FT,quarta-feira,FT|quarta-feira,1.0,115.0,312.0,Lose,1.974,1974.0,1.974,1.974,0.0,-1.0,-1.0,-1.0,-1.0,0.0,0.0,1
18990,2025-12-17 22:53:00,2025-12-15/2025-12-21,FT,quarta-feira,FT|quarta-feira,1.0,114.0,114.0,Win,1.657,1657.0,1.657,1.657,0.0,0.657,0.657,0.657,0.657,0.0,0.0,1
18695,2025-12-16 10:41:00,2025-12-15/2025-12-21,FH,terça-feira,FH|terça-feira,1.0,23.0,167.0,Lose,,1980.0,,1.98,,,-1.0,,-1.0,,,0
18696,2025-12-16 10:42:00,2025-12-15/2025-12-21,FH,terça-feira,FH|terça-feira,1.0,23.0,167.0,Win,,1930.0,,1.93,,,0.9299999999999999,,0.9299999999999999,,,0
18704,2025-12-16 10:55:00,2025-12-15/2025-12-21,FH,terça-feira,FH|terça-feira,1.0,23.0,50.0,Lose,,2620.0,,2.62,,,-1.0,,-1.0,,,0
18767,2025-12-16 15:02:00,2025-12-15/2025-12-21,FH,terça-feira,FH|terça-feira,1.0,23.0,112.0,Win,,2120.0,,2.12,,,1.12,,1.12,,,0
18775,2025-12-16 15:14:00,2025-12-15/2025-12-21,FH,terça-feira,FH|terça-feira,1.0,23.0,168.0,HalfLose,,1940.0,,1.94,,,-0.5,,-0.5,,,0
18830,2025-12-16 23:29:00,2025-12-15/2025-12-21,FH,terça-feira,FH|terça-feira,1.0,23.0,111.0,Void,,1740.0,,1.74,,,0.0,,0.0,,,0
18832,2025-12-16 23:47:00,2025-12-15/2025-12-21,FH,terça-feira,FH|terça-feira,1.0,23.0,50.0,Win,,2070.0,,2.07,,,1.0699999999999998,,1.0699999999999998,,,0
19938,2025-12-22 22:11:00,2025-12-22/2025-12-28,FT,segunda-feira,FT|segunda-feira,1.0,46.0,300.0,Void,,2610.0,,2.61,,,0.0,,0.0,,,0
19941,2025-12-22 23:05:00,2025-12-22/2025-12-28,FT,segunda-feira,FT|segunda-feira,1.0,41.0,41.0,Win,,1751.0,,1.751,,,0.7509999999999999,,0.7509999999999999,,,0
19942,2025-12-22 23:37:00,2025-12-22/2025-12-28,FT,segunda-feira,FT|segunda-feira,1.0,46.0,66.0,HalfWin,,1763.0,,1.763,,,0.38149999999999995,,0.38149999999999995,,,0
19955,2025-12-23 11:14:00,2025-12-22/2025-12-28,FT,terça-feira,FT|terça-feira,1.0,23.0,128.0,Win,1.723,1723.0,1.723,1.723,0.0,0.7230000000000001,0.7230000000000001,0.7230000000000001,0.7230000000000001,0.0,0.0,1
19957,2025-12-23 11:34:00,2025-12-22/2025-12-28,FT,terça-feira,FT|terça-feira,1.0,23.0,39.0,Win,,1787.0,,1.787,,,0.7869999999999999,,0.7869999999999999,,,0
19975,2025-12-23 12:56:00,2025-12-22/2025-12-28,FT,terça-feira,FT|terça-feira,1.0,23.0,204.0,Win,1.814,1814.0,1.814,1.814,0.0,0.8140000000000001,0.8140000000000001,0.8140000000000001,0.8140000000000001,0.0,0.0,1
19978,2025-12-23 13:14:00,2025-12-22/2025-12-28,FT,terça-feira,FT|terça-feira,1.0,23.0,53.0,Win,2.243,2243.0,2.243,2.243,0.0,1.2429999999999999,1.2429999999999999,1.2429999999999999,1.2429999999999999,0.0,0.0,1
19981,2025-12-23 13:40:00,2025-12-22/2025-12-28,FT,terça-feira,FT|terça-feira,1.0,23.0,77.0,Lose,1.92,1920.0,1.92,1.92,0.0,-1.0,-1.0,-1.0,-1.0,0.0,0.0,1
19984,2025-12-23 14:54:00,2025-12-22/2025-12-28,FT,terça-feira,FT|terça-feira,1.0,23.0,112.0,Win,2.06,2060.0,2.06,2.06,0.0,1.06,1.06,1.06,1.06,0.0,0.0,1
20013,2025-12-23 19:07:00,2025-12-22/2025-12-28,FT,terça-feira,FT|terça-feira,1.0,23.0,726.0,Lose,1.829,1829.0,1.829,1.829,0.0,-1.0,-1.0,-1.0,-1.0,0.0,0.0,1
20015,2025-12-23 21:37:00,2025-12-22/2025-12-28,FT,terça-feira,FT|terça-feira,1.0,23.0,600.0,Lose,2.115,2115.0,2.115,2.115,0.0,-1.0,-1.0,-1.0,-1.0,0.0,0.0,1
20027,2025-12-24 08:40:00,2025-12-22/2025-12-28,FT,quarta-feira,FT|quarta-feira,1.0,115.0,399.0,Void,,2190.0,,2.19,,,0.0,,0.0,,,0
20039,2025-12-24 14:35:00,2025-12-22/2025-12-28,FT,quarta-feira,FT|quarta-feira,1.0,115.0,257.0,Lose,,1740.0,,1.74,,,-1.0,,-1.0,,,0
20052,2025-12-24 15:27:00,2025-12-22/2025-12-28,FT,quarta-feira,FT|quarta-feira,1.0,111.0,111.0,Win,1.79,1790.0,1.79,1.79,0.0,0.79,0.79,0.79,0.79,0.0,0.0,1
20053,2025-12-24 16:00:00,2025-12-22/2025-12-28,FT,quarta-feira,FT|quarta-feira,1.0,115.0,251.0,Win,,1840.0,,1.84,,,0.8400000000000001,,0.8400000000000001,,,0
20533,2025-12-29 15:57:00,2025-12-29/2026-01-04,FT,segunda-feira,FT|segunda-feira,0.8243277072906494,37.91907453536987,2863.0,Win,,1804.0,,1.804,,,0.804,,0.804,,,0
20562,2025-12-30 11:35:00,2025-12-29/2026-01-04,FT,terça-feira,FT|terça-feira,0.8243277072906494,56.87861180305481,225.0,Void,,2480.0,,2.48,,,0.0,,0.0,,,0
20610,2025-12-30 12:21:00,2025-12-29/2026-01-04,FT,terça-feira,FT|terça-feira,0.8243277072906494,56.87861180305481,225.0,Lose,2.49,2490.0,2.49,2.49,0.0,-1.0,-1.0,-1.0,-1.0,0.0,0.0,1
20617,2025-12-30 12:32:00,2025-12-29/2026-01-04,FT,terça-feira,FT|terça-feira,0.8243277072906494,56.87861180305481,82.0,Win,1.917,1917.0,1.917,1.917,0.0,0.917,0.917,0.917,0.917,0.0,0.0,1
20657,2025-12-30 15:34:00,2025-12-29/2026-01-04,FT,terça-feira,FT|terça-feira,0.8243277072906494,56.87861180305481,225.0,Lose,,1885.0,,1.885,,,-1.0,,-1.0,,,0
20687,2025-12-30 18:41:00,2025-12-29/2026-01-04,FT,terça-feira,FT|terça-feira,0.8243277072906494,56.87861180305481,200.0,Lose,2.24,2240.0,2.24,2.24,0.0,-1.0,-1.0,-1.0,-1.0,0.0,0.0,1
20691,2025-12-30 20:17:00,2025-12-29/2026-01-04,FT,terça-feira,FT|terça-feira,0.8243277072906494,56.87861180305481,750.0,Win,2.6,2600.0,2.6,2.6,0.0,1.6,1.6,1.6,1.6,0.0,0.0,1
20694,2025-12-30 22:27:00,2025-12-29/2026-01-04,FT,terça-feira,FT|terça-feira,0.8243277072906494,56.87861180305481,624.0,Win,1.606,1606.0,1.606,1.606,0.0,0.6060000000000001,0.6060000000000001,0.6060000000000001,0.6060000000000001,0.0,0.0,1
20697,2025-12-30 22:42:00,2025-12-29/2026-01-04,FT,terça-feira,FT|terça-feira,0.8243277072906494,56.87861180305481,750.0,Win,,2095.0,,2.095,,,1.0950000000000002,,1.0950000000000002,,,0
20702,2025-12-31 10:18:00,2025-12-29/2026-01-04,FT,quarta-feira,FT|quarta-feira,0.8243277072906494,94.79768633842468,450.0,Win,,2832.0,,2.832,,,1.8319999999999999,,1.8319999999999999,,,0
20706,2025-12-31 12:32:00,2025-12-29/2026-01-04,FT,quarta-feira,FT|quarta-feira,0.8243277072906494,94.79768633842468,694.0,Void,,1660.0,,1.66,,,0.0,,0.0,,,0
20543,2025-12-30 09:57:00,2025-12-29/2026-01-04,FH,terça-feira,FH|terça-feira,0.8243277072906494,18.959537267684937,51.0,Void,2.04,1990.0,2.04,1.99,0.050000000000000044,0.0,0.0,0.0,0.0,0.0,0.0,1
21005,2026-01-05 19:47:00,2026-01-05/2026-01-11,FT,segunda-feira,FT|segunda-feira,1.0,46.0,2252.0,Void,2.284,2280.0,2.284,2.28,0.0040000000000000036,0.0,0.0,0.0,0.0,0.0,0.0,1
21006,2026-01-05 19:48:00,2026-01-05/2026-01-11,FT,segunda-feira,FT|segunda-feira,1.0,46.0,1501.0,Win,2.09,2090.0,2.09,2.09,0.0,1.0899999999999999,1.0899999999999999,1.0899999999999999,1.0899999999999999,0.0,0.0,1
21013,2026-01-06 07:19:00,2026-01-05/2026-01-11,FT,terça-feira,FT|terça-feira,1.0,69.0,389.0,Win,1.66,1660.0,1.66,1.66,0.0,0.6599999999999999,0.6599999999999999,0.6599999999999999,0.6599999999999999,0.0,0.0,1
21014,2026-01-06 07:20:00,2026-01-05/2026-01-11,FT,terça-feira,FT|terça-feira,1.0,69.0,604.0,Void,,1640.0,,1.64,,,0.0,,0.0,,,0
21016,2026-01-06 07:20:00,2026-01-05/2026-01-11,FT,terça-feira,FT|terça-feira,1.0,69.0,201.0,HalfLose,1.9,1900.0,1.9,1.9,0.0,-0.5,-0.5,-0.5,-0.5,0.0,0.0,1
21023,2026-01-06 07:28:00,2026-01-05/2026-01-11,FT,terça-feira,FT|terça-feira,1.0,69.0,525.0,Win,,1620.0,,1.62,,,0.6200000000000001,,0.6200000000000001,,,0
21024,2026-01-06 07:31:00,2026-01-05/2026-01-11,FT,terça-feira,FT|terça-feira,1.0,69.0,229.0,Void,1.93,1930.0,1.93,1.93,0.0,0.0,0.0,0.0,0.0,0.0,0.0,1
21035,2026-01-06 08:14:00,2026-01-05/2026-01-11,FT,terça-feira,FT|terça-feira,1.0,69.0,115.0,Void,1.97,1950.0,1.97,1.95,0.020000000000000018,0.0,0.0,0.0,0.0,0.0,0.0,1
21039,2026-01-06 08:28:00,2026-01-05/2026-01-11,FT,terça-feira,FT|terça-feira,1.0,69.0,229.0,Lose,1.94,1940.0,1.94,1.94,0.0,-1.0,-1.0,-1.0,-1.0,0.0,0.0,1
21040,2026-01-06 08:34:00,2026-01-05/2026-01-11,FT,terça-feira,FT|terça-feira,1.0,69.0,186.0,Void,1.96,1960.0,1.96,1.96,0.0,0.0,0.0,0.0,0.0,0.0,0.0,1
21044,2026-01-06 08:50:00,2026-01-05/2026-01-11,FT,terça-feira,FT|terça-feira,1.0,69.0,370.0,Void,,2120.0,,2.12,,,0.0,,0.0,,,0
21052,2026-01-06 09:24:00,2026-01-05/2026-01-11,FT,terça-feira,FT|terça-feira,1.0,69.0,190.0,Lose,2.28,2280.0,2.28,2.28,0.0,-1.0,-1.0,-1.0,-1.0,0.0,0.0,1
21056,2026-01-06 09:35:00,2026-01-05/2026-01-11,FT,terça-feira,FT|terça-feira,1.0,69.0,105.0,Win,2.02,2020.0,2.02,2.02,0.0,1.02,1.02,1.02,1.02,0.0,0.0,1
21073,2026-01-06 10:57:00,2026-01-05/2026-01-11,FT,terça-feira,FT|terça-feira,1.0,69.0,574.0,Lose,1.436,1436.0,1.436,1.436,0.0,-1.0,-1.0,-1.0,-1.0,0.0,0.0,1
21080,2026-01-06 11:33:00,2026-01-05/2026-01-11,FT,terça-feira,FT|terça-feira,1.0,69.0,109.0,Void,,1702.0,,1.702,,,0.0,,0.0,,,0
21081,2026-01-06 11:35:00,2026-01-05/2026-01-11,FT,terça-feira,FT|terça-feira,1.0,69.0,667.0,Lose,,1591.0,,1.591,,,-1.0,,-1.0,,,0
21091,2026-01-06 12:49:00,2026-01-05/2026-01-11,FT,terça-feira,FT|terça-feira,1.0,69.0,229.0,Lose,,1870.0,,1.87,,,-1.0,,-1.0,,,0
21132,2026-01-06 15:14:00,2026-01-05/2026-01-11,FT,terça-feira,FT|terça-feira,1.0,69.0,82.0,Win,2.19,2190.0,2.19,2.19,0.0,1.19,1.19,1.19,1.19,0.0,0.0,1
21194,2026-01-06 19:55:00,2026-01-05/2026-01-11,FT,terça-feira,FT|terça-feira,1.0,69.0,150.0,Win,2.67,2670.0,2.67,2.67,0.0,1.67,1.67,1.67,1.67,0.0,0.0,1
21225,2026-01-06 23:57:00,2026-01-05/2026-01-11,FT,terça-feira,FT|terça-feira,1.0,69.0,257.0,Lose,,1820.0,,1.82,,,-1.0,,-1.0,,,0
21007,2026-01-06 07:15:00,2026-01-05/2026-01-11,FH,terça-feira,FH|terça-feira,1.0,23.0,95.0,Lose,1.91,1910.0,1.91,1.91,0.0,-1.0,-1.0,-1.0,-1.0,0.0,0.0,1
21017,2026-01-06 07:21:00,2026-01-05/2026-01-11,FH,terça-feira,FH|terça-feira,1.0,23.0,90.0,Lose,,1910.0,,1.91,,,-1.0,,-1.0,,,0
21032,2026-01-06 08:09:00,2026-01-05/2026-01-11,FH,terça-feira,FH|terça-feira,1.0,23.0,54.0,Void,2.08,2080.0,2.08,2.08,0.0,0.0,0.0,0.0,0.0,0.0,0.0,1
21049,2026-01-06 09:11:00,2026-01-05/2026-01-11,FH,terça-feira,FH|terça-feira,1.0,23.0,50.0,Void,2.77,2770.0,2.77,2.77,0.0,0.0,0.0,0.0,0.0,0.0,0.0,1
21060,2026-01-06 09:52:00,2026-01-05/2026-01-11,FH,terça-feira,FH|terça-feira,1.0,23.0,63.0,Void,1.9,1900.0,1.9,1.9,0.0,0.0,0.0,0.0,0.0,0.0,0.0,1
21099,2026-01-06 13:22:00,2026-01-05/2026-01-11,FH,terça-feira,FH|terça-feira,1.0,23.0,69.0,HalfLose,,1820.0,,1.82,,,-0.5,,-0.5,,,0
21563,2026-01-12 07:24:00,2026-01-12/2026-01-18,FT,segunda-feira,FT|segunda-feira,1.0,46.0,430.0,Lose,1.77,1756.0,1.77,1.756,0.014000000000000012,-1.0,-1.0,-1.0,-1.0,0.0,0.0,1
21570,2026-01-12 15:04:00,2026-01-12/2026-01-18,FT,segunda-feira,FT|segunda-feira,1.0,46.0,11985.0,Lose,,1843.0,,1.843,,,-1.0,,-1.0,,,0
21573,2026-01-12 20:49:00,2026-01-12/2026-01-18,FT,segunda-feira,FT|segunda-feira,1.0,46.0,3376.0,Lose,1.749,1749.0,1.749,1.749,0.0,-1.0,-1.0,-1.0,-1.0,0.0,0.0,1
21576,2026-01-12 23:55:00,2026-01-12/2026-01-18,FT,segunda-feira,FT|segunda-feira,1.0,46.0,3725.0,Lose,1.704,1704.0,1.704,1.704,0.0,-1.0,-1.0,-1.0,-1.0,0.0,0.0,1
21577,2026-01-13 04:22:00,2026-01-12/2026-01-18,FT,terça-feira,FT|terça-feira,1.0,69.0,200.0,Win,2.23,2230.0,2.23,2.23,0.0,1.23,1.23,1.23,1.23,0.0,0.0,1
21580,2026-01-13 05:55:00,2026-01-12/2026-01-18,FT,terça-feira,FT|terça-feira,1.0,69.0,301.0,Win,2.07,2070.0,2.07,2.07,0.0,1.0699999999999998,1.0699999999999998,1.0699999999999998,1.0699999999999998,0.0,0.0,1
21582,2026-01-13 05:56:00,2026-01-12/2026-01-18,FT,terça-feira,FT|terça-feira,1.0,69.0,703.0,Win,1.655,1655.0,1.655,1.655,0.0,0.655,0.655,0.655,0.655,0.0,0.0,1
21586,2026-01-13 05:58:00,2026-01-12/2026-01-18,FT,terça-feira,FT|terça-feira,1.0,69.0,323.0,Lose,1.7,1700.0,1.7,1.7,0.0,-1.0,-1.0,-1.0,-1.0,0.0,0.0,1
21589,2026-01-13 06:00:00,2026-01-12/2026-01-18,FT,terça-feira,FT|terça-feira,1.0,43.0,43.0,Lose,,1869.0,,1.869,,,-1.0,,-1.0,,,0
21591,2026-01-13 06:01:00,2026-01-12/2026-01-18,FT,terça-feira,FT|terça-feira,1.0,69.0,222.0,HalfWin,,1780.0,,1.78,,,0.39,,0.39,,,0
21596,2026-01-13 06:02:00,2026-01-12/2026-01-18,FT,terça-feira,FT|terça-feira,1.0,69.0,323.0,Win,,1810.0,,1.81,,,0.81,,0.81,,,0
21602,2026-01-13 06:35:00,2026-01-12/2026-01-18,FT,terça-feira,FT|terça-feira,1.0,50.0,50.0,Lose,,2230.0,,2.23,,,-1.0,,-1.0,,,0
21603,2026-01-13 06:45:00,2026-01-12/2026-01-18,FT,terça-feira,FT|terça-feira,1.0,59.0,59.0,Lose,,1990.0,,1.99,,,-1.0,,-1.0,,,0
21606,2026-01-13 06:53:00,2026-01-12/2026-01-18,FT,terça-feira,FT|terça-feira,1.0,69.0,684.0,Lose,,1719.0,,1.719,,,-1.0,,-1.0,,,0
21612,2026-01-13 07:06:00,2026-01-12/2026-01-18,FT,terça-feira,FT|terça-feira,1.0,69.0,520.0,Lose,,1961.0,,1.961,,,-1.0,,-1.0,,,0
21613,2026-01-13 07:10:00,2026-01-12/2026-01-18,FT,terça-feira,FT|terça-feira,1.0,41.0,41.0,Win,,2170.0,,2.17,,,1.17,,1.17,,,0
21616,2026-01-13 07:22:00,2026-01-12/2026-01-18,FT,terça-feira,FT|terça-feira,1.0,69.0,176.0,Lose,,2650.0,,2.65,,,-1.0,,-1.0,,,0
21620,2026-01-13 07:46:00,2026-01-12/2026-01-18,FT,terça-feira,FT|terça-feira,1.0,69.0,645.0,Win,,1943.0,,1.943,,,0.9430000000000001,,0.9430000000000001,,,0
21621,2026-01-13 07:47:00,2026-01-12/2026-01-18,FT,terça-feira,FT|terça-feira,1.0,69.0,310.0,Void,,2089.0,,2.089,,,0.0,,0.0,,,0
21623,2026-01-13 07:50:00,2026-01-12/2026-01-18,FT,terça-feira,FT|terça-feira,1.0,69.0,83.0,Lose,,1900.0,,1.9,,,-1.0,,-1.0,,,0
21627,2026-01-13 08:02:00,2026-01-12/2026-01-18,FT,terça-feira,FT|terça-feira,1.0,54.0,54.0,Lose,,1925.0,,1.925,,,-1.0,,-1.0,,,0
21628,2026-01-13 08:02:00,2026-01-12/2026-01-18,FT,terça-feira,FT|terça-feira,1.0,69.0,323.0,Lose,,1925.0,,1.925,,,-1.0,,-1.0,,,0
21632,2026-01-13 08:11:00,2026-01-12/2026-01-18,FT,terça-feira,FT|terça-feira,1.0,69.0,323.0,Void,,1950.0,,1.95,,,0.0,,0.0,,,0
21633,2026-01-13 08:13:00,2026-01-12/2026-01-18,FT,terça-feira,FT|terça-feira,1.0,50.0,50.0,Void,,2040.0,,2.04,,,0.0,,0.0,,,0
21634,2026-01-13 08:15:00,2026-01-12/2026-01-18,FT,terça-feira,FT|terça-feira,1.0,69.0,304.0,Win,,2060.0,,2.06,,,1.06,,1.06,,,0
21638,2026-01-13 08:27:00,2026-01-12/2026-01-18,FT,terça-feira,FT|terça-feira,1.0,69.0,323.0,Lose,,1980.0,,1.98,,,-1.0,,-1.0,,,0
21640,2026-01-13 08:33:00,2026-01-12/2026-01-18,FT,terça-feira,FT|terça-feira,1.0,69.0,323.0,Lose,,1870.0,,1.87,,,-1.0,,-1.0,,,0
21642,2026-01-13 08:36:00,2026-01-12/2026-01-18,FT,terça-feira,FT|terça-feira,1.0,69.0,323.0,Void,,2000.0,,2.0,,,0.0,,0.0,,,0
21644,2026-01-13 08:38:00,2026-01-12/2026-01-18,FT,terça-feira,FT|terça-feira,1.0,69.0,313.0,Pending,,2030.0,,2.03,,,,,,,,0
21650,2026-01-13 09:19:00,2026-01-12/2026-01-18,FT,terça-feira,FT|terça-feira,1.0,69.0,75.0,Void,,2020.0,,2.02,,,0.0,,0.0,,,0
21654,2026-01-13 09:34:00,2026-01-12/2026-01-18,FT,terça-feira,FT|terça-feira,1.0,69.0,809.0,HalfLose,,1416.0,,1.416,,,-0.5,,-0.5,,,0
21657,2026-01-13 09:52:00,2026-01-12/2026-01-18,FT,terça-feira,FT|terça-feira,1.0,69.0,278.0,Lose,2.16,2160.0,2.16,2.16,0.0,-1.0,-1.0,-1.0,-1.0,0.0,0.0,1
21659,2026-01-13 09:59:00,2026-01-12/2026-01-18,FT,terça-feira,FT|terça-feira,1.0,54.0,54.0,Win,2.047,2047.0,2.047,2.047,0.0,1.0470000000000002,1.0470000000000002,1.0470000000000002,1.0470000000000002,0.0,0.0,1
21660,2026-01-13 10:02:00,2026-01-12/2026-01-18,FT,terça-feira,FT|terça-feira,1.0,69.0,566.0,Void,2.369,2342.0,2.369,2.342,0.027000000000000135,0.0,0.0,0.0,0.0,0.0,0.0,1
21664,2026-01-13 10:13:00,2026-01-12/2026-01-18,FT,terça-feira,FT|terça-feira,1.0,69.0,323.0,Win,2.087,2087.0,2.087,2.087,0.0,1.0870000000000002,1.0870000000000002,1.0870000000000002,1.0870000000000002,0.0,0.0,1
21665,2026-01-13 10:14:00,2026-01-12/2026-01-18,FT,terça-feira,FT|terça-feira,1.0,69.0,319.0,Win,2.01,2010.0,2.01,2.01,0.0,1.0099999999999998,1.0099999999999998,1.0099999999999998,1.0099999999999998,0.0,0.0,1
21667,2026-01-13 10:16:00,2026-01-12/2026-01-18,FT,terça-feira,FT|terça-feira,1.0,69.0,600.0,HalfLose,,2120.0,,2.12,,,-0.5,,-0.5,,,0
21668,2026-01-13 10:16:00,2026-01-12/2026-01-18,FT,terça-feira,FT|terça-feira,1.0,69.0,744.0,Lose,,1820.0,,1.82,,,-1.0,,-1.0,,,0
21674,2026-01-13 10:37:00,2026-01-12/2026-01-18,FT,terça-feira,FT|terça-feira,1.0,69.0,99.0,Win,,2480.0,,2.48,,,1.48,,1.48,,,0
21675,2026-01-13 10:40:00,2026-01-12/2026-01-18,FT,terça-feira,FT|terça-feira,1.0,69.0,323.0,Void,,1950.0,,1.95,,,0.0,,0.0,,,0
21685,2026-01-13 11:30:00,2026-01-12/2026-01-18,FT,terça-feira,FT|terça-feira,1.0,69.0,127.0,Win,,2532.0,,2.532,,,1.532,,1.532,,,0
21686,2026-01-13 11:32:00,2026-01-12/2026-01-18,FT,terça-feira,FT|terça-feira,1.0,69.0,1277.0,Lose,,2010.0,,2.01,,,-1.0,,-1.0,,,0
21688,2026-01-13 11:38:00,2026-01-12/2026-01-18,FT,terça-feira,FT|terça-feira,1.0,37.0,37.0,Lose,,2040.0,,2.04,,,-1.0,,-1.0,,,0
21698,2026-01-13 12:09:00,2026-01-12/2026-01-18,FT,terça-feira,FT|terça-feira,1.0,69.0,80.0,Win,,1934.0,,1.934,,,0.9339999999999999,,0.9339999999999999,,,0
21700,2026-01-13 12:21:00,2026-01-12/2026-01-18,FT,terça-feira,FT|terça-feira,1.0,69.0,323.0,Win,,1806.0,,1.806,,,0.806,,0.806,,,0
21708,2026-01-13 12:52:00,2026-01-12/2026-01-18,FT,terça-feira,FT|terça-feira,1.0,69.0,323.0,Void,,2000.0,,2.0,,,0.0,,0.0,,,0
21723,2026-01-13 13:49:00,2026-01-12/2026-01-18,FT,terça-feira,FT|terça-feira,1.0,69.0,645.0,Lose,,1863.0,,1.863,,,-1.0,,-1.0,,,0
21741,2026-01-13 17:05:00,2026-01-12/2026-01-18,FT,terça-feira,FT|terça-feira,1.0,9.0,9.0,Win,1.394,1394.0,1.394,1.394,0.0,0.3939999999999999,0.3939999999999999,0.3939999999999999,0.3939999999999999,0.0,0.0,1
21750,2026-01-13 18:11:00,2026-01-12/2026-01-18,FT,terça-feira,FT|terça-feira,1.0,69.0,125.0,Win,,2090.0,,2.09,,,1.0899999999999999,,1.0899999999999999,,,0
21754,2026-01-13 18:27:00,2026-01-12/2026-01-18,FT,terça-feira,FT|terça-feira,1.0,69.0,375.0,Win,,2328.0,,2.328,,,1.3279999999999998,,1.3279999999999998,,,0
21757,2026-01-13 18:42:00,2026-01-12/2026-01-18,FT,terça-feira,FT|terça-feira,1.0,69.0,329.0,Win,,1527.0,,1.527,,,0.5269999999999999,,0.5269999999999999,,,0
21762,2026-01-13 19:24:00,2026-01-12/2026-01-18,FT,terça-feira,FT|terça-feira,1.0,69.0,1000.0,Win,,2170.0,,2.17,,,1.17,,1.17,,,0
21766,2026-01-13 20:23:00,2026-01-12/2026-01-18,FT,terça-feira,FT|terça-feira,1.0,69.0,323.0,Win,1.954,1914.0,1.954,1.914,0.040000000000000036,0.954,0.9139999999999999,0.954,0.9139999999999999,2.7600000000000025,2.7600000000000025,1
21801,2026-01-14 08:12:00,2026-01-12/2026-01-18,FT,quarta-feira,FT|quarta-feira,1.0,23.0,1936.0,Win,,1911.0,,1.911,,,0.911,,0.911,,,0
21821,2026-01-14 13:12:00,2026-01-12/2026-01-18,FT,quarta-feira,FT|quarta-feira,1.0,23.0,853.0,Win,1.734,1734.0,1.734,1.734,0.0,0.734,0.734,0.734,0.734,0.0,0.0,1
21824,2026-01-14 14:30:00,2026-01-12/2026-01-18,FT,quarta-feira,FT|quarta-feira,1.0,23.0,806.0,Lose,1.417,1417.0,1.417,1.417,0.0,-1.0,-1.0,-1.0,-1.0,0.0,0.0,1
21829,2026-01-14 15:25:00,2026-01-12/2026-01-18,FT,quarta-feira,FT|quarta-feira,1.0,23.0,225.0,Lose,2.183,2183.0,2.183,2.183,0.0,-1.0,-1.0,-1.0,-1.0,0.0,0.0,1
22206,2026-01-16 00:26:00,2026-01-12/2026-01-18,FT,sexta-feira,FT|sexta-feira,1.0,23.0,597.0,Void,,1800.0,,1.8,,,0.0,,0.0,,,0
22209,2026-01-16 16:11:00,2026-01-12/2026-01-18,FT,sexta-feira,FT|sexta-feira,1.0,23.0,1138.0,Lose,,1877.0,,1.877,,,-1.0,,-1.0,,,0
22210,2026-01-16 16:11:00,2026-01-12/2026-01-18,FT,sexta-feira,FT|sexta-feira,1.0,23.0,1138.0,Lose,,1877.0,,1.877,,,-1.0,,-1.0,,,0
22211,2026-01-16 16:12:00,2026-01-12/2026-01-18,FT,sexta-feira,FT|sexta-feira,1.0,23.0,1337.0,HalfWin,,1774.0,,1.774,,,0.387,,0.387,,,0
22216,2026-01-16 16:13:00,2026-01-12/2026-01-18,FT,sexta-feira,FT|sexta-feira,1.0,23.0,669.0,Lose,,1591.0,,1.591,,,-1.0,,-1.0,,,0
22217,2026-01-16 16:13:00,2026-01-12/2026-01-18,FT,sexta-feira,FT|sexta-feira,1.0,23.0,399.0,Lose,,2075.0,,2.075,,,-1.0,,-1.0,,,0
22220,2026-01-16 16:14:00,2026-01-12/2026-01-18,FT,sexta-feira,FT|sexta-feira,1.0,23.0,674.0,Win,,1500.0,,1.5,,,0.5,,0.5,,,0
22223,2026-01-16 16:16:00,2026-01-12/2026-01-18,FT,sexta-feira,FT|sexta-feira,1.0,23.0,299.0,Lose,,2730.0,,2.73,,,-1.0,,-1.0,,,0
22225,2026-01-16 16:18:00,2026-01-12/2026-01-18,FT,sexta-feira,FT|sexta-feira,1.0,23.0,10315.0,Lose,,1652.0,,1.652,,,-1.0,,-1.0,,,0
22228,2026-01-16 16:18:00,2026-01-12/2026-01-18,FT,sexta-feira,FT|sexta-feira,1.0,23.0,332.0,Win,,1450.0,,1.45,,,0.44999999999999996,,0.44999999999999996,,,0
22230,2026-01-16 16:19:00,2026-01-12/2026-01-18,FT,sexta-feira,FT|sexta-feira,1.0,23.0,434.0,Win,,1784.0,,1.784,,,0.784,,0.784,,,0
22231,2026-01-16 16:19:00,2026-01-12/2026-01-18,FT,sexta-feira,FT|sexta-feira,1.0,23.0,281.0,Lose,,1774.0,,1.774,,,-1.0,,-1.0,,,0
22233,2026-01-16 16:21:00,2026-01-12/2026-01-18,FT,sexta-feira,FT|sexta-feira,1.0,23.0,1099.0,Win,,1749.0,,1.749,,,0.7490000000000001,,0.7490000000000001,,,0
22234,2026-01-16 16:22:00,2026-01-12/2026-01-18,FT,sexta-feira,FT|sexta-feira,1.0,23.0,748.0,Win,,2521.0,,2.521,,,1.521,,1.521,,,0
22235,2026-01-16 16:22:00,2026-01-12/2026-01-18,FT,sexta-feira,FT|sexta-feira,1.0,23.0,479.0,Win,,1843.0,,1.843,,,0.843,,0.843,,,0
22238,2026-01-16 16:23:00,2026-01-12/2026-01-18,FT,sexta-feira,FT|sexta-feira,1.0,23.0,911.0,Lose,,1710.0,,1.71,,,-1.0,,-1.0,,,0
22242,2026-01-16 16:25:00,2026-01-12/2026-01-18,FT,sexta-feira,FT|sexta-feira,1.0,23.0,669.0,Win,,1713.0,,1.713,,,0.7130000000000001,,0.7130000000000001,,,0
22247,2026-01-16 16:27:00,2026-01-12/2026-01-18,FT,sexta-feira,FT|sexta-feira,1.0,23.0,856.0,Win,,1740.0,,1.74,,,0.74,,0.74,,,0
22251,2026-01-16 16:30:00,2026-01-12/2026-01-18,FT,sexta-feira,FT|sexta-feira,1.0,23.0,683.0,Win,,1720.0,,1.72,,,0.72,,0.72,,,0
22257,2026-01-16 16:55:00,2026-01-12/2026-01-18,FT,sexta-feira,FT|sexta-feira,1.0,23.0,850.0,Win,,1781.0,,1.781,,,0.7809999999999999,,0.7809999999999999,,,0
22260,2026-01-16 17:30:00,2026-01-12/2026-01-18,FT,sexta-feira,FT|sexta-feira,1.0,23.0,450.0,Lose,,2540.0,,2.54,,,-1.0,,-1.0,,,0
22261,2026-01-16 17:48:00,2026-01-12/2026-01-18,FT,sexta-feira,FT|sexta-feira,1.0,23.0,1679.0,Lose,,1841.0,,1.841,,,-1.0,,-1.0,,,0
22263,2026-01-16 17:50:00,2026-01-12/2026-01-18,FT,sexta-feira,FT|sexta-feira,1.0,23.0,3038.0,Win,,1774.0,,1.774,,,0.774,,0.774,,,0
22264,2026-01-16 17:50:00,2026-01-12/2026-01-18,FT,sexta-feira,FT|sexta-feira,1.0,23.0,9300.0,Win,,1449.0,,1.449,,,0.44900000000000007,,0.44900000000000007,,,0
22267,2026-01-16 18:30:00,2026-01-12/2026-01-18,FT,sexta-feira,FT|sexta-feira,1.0,23.0,187.0,Lose,,2236.0,,2.236,,,-1.0,,-1.0,,,0
22271,2026-01-16 19:08:00,2026-01-12/2026-01-18,FT,sexta-feira,FT|sexta-feira,1.0,23.0,1291.0,Lose,,1866.0,,1.866,,,-1.0,,-1.0,,,0
22276,2026-01-16 20:02:00,2026-01-12/2026-01-18,FT,sexta-feira,FT|sexta-feira,1.0,23.0,2250.0,Lose,,2472.0,,2.472,,,-1.0,,-1.0,,,0
22658,2026-01-19 13:53:00,2026-01-19/2026-01-25,FT,segunda-feira,FT|segunda-feira,1.0,92.0,1272.0,Pending,,1909.0,,1.909,,,,,,,,0
22660,2026-01-19 16:02:00,2026-01-19/2026-01-25,FT,segunda-feira,FT|segunda-feira,1.0,92.0,961.0,Win,2.04,1523.0,2.04,1.523,0.5170000000000001,1.04,0.5229999999999999,1.04,0.5229999999999999,47.564000000000014,47.564000000000014,1
22661,2026-01-19 16:26:00,2026-01-19/2026-01-25,FT,segunda-feira,FT|segunda-feira,1.0,92.0,650.0,Win,,2014.0,,2.014,,,1.0139999999999998,,1.0139999999999998,,,0
22662,2026-01-19 17:01:00,2026-01-19/2026-01-25,FT,segunda-feira,FT|segunda-feira,1.0,92.0,9209.0,Win,,2019.0,,2.019,,,1.0190000000000001,,1.0190000000000001,,,0
22667,2026-01-19 19:38:00,2026-01-19/2026-01-25,FT,segunda-feira,FT|segunda-feira,1.0,92.0,686.0,Win,,1641.0,,1.641,,,0.641,,0.641,,,0
22676,2026-01-19 20:03:00,2026-01-19/2026-01-25,FT,segunda-feira,FT|segunda-feira,1.0,75.0,75.0,Pending,,2240.0,,2.24,,,,,,,,0
22677,2026-01-19 20:08:00,2026-01-19/2026-01-25,FT,segunda-feira,FT|segunda-feira,1.0,92.0,323.0,Win,,1860.0,,1.86,,,0.8600000000000001,,0.8600000000000001,,,0
22679,2026-01-19 20:16:00,2026-01-19/2026-01-25,FT,segunda-feira,FT|segunda-feira,1.0,68.0,68.0,Pending,,1735.0,,1.735,,,,,,,,0
22682,2026-01-19 21:08:00,2026-01-19/2026-01-25,FT,segunda-feira,FT|segunda-feira,1.0,92.0,646.0,Lose,,1750.0,,1.75,,,-1.0,,-1.0,,,0
22684,2026-01-19 21:45:00,2026-01-19/2026-01-25,FT,segunda-feira,FT|segunda-feira,1.0,92.0,1500.0,Pending,,1713.0,,1.713,,,,,,,,0
22689,2026-01-19 22:22:00,2026-01-19/2026-01-25,FT,segunda-feira,FT|segunda-feira,1.0,92.0,417.0,Pending,,1762.0,,1.762,,,,,,,,0
22697,2026-01-20 03:51:00,2026-01-19/2026-01-25,FT,terça-feira,FT|terça-feira,1.0,69.0,194.0,Pending,,1790.0,,1.79,,,,,,,,0
22703,2026-01-20 04:02:00,2026-01-19/2026-01-25,FT,terça-feira,FT|terça-feira,1.0,69.0,194.0,Pending,,1808.0,,1.808,,,,,,,,0
22706,2026-01-20 04:10:00,2026-01-19/2026-01-25,FT,terça-feira,FT|terça-feira,1.0,69.0,2433.0,Pending,,1665.0,,1.665,,,,,,,,0
22707,2026-01-20 04:11:00,2026-01-19/2026-01-25,FT,terça-feira,FT|terça-feira,1.0,69.0,3334.0,Pending,,1696.0,,1.696,,,,,,,,0
22711,2026-01-20 04:21:00,2026-01-19/2026-01-25,FT,terça-feira,FT|terça-feira,1.0,69.0,323.0,Pending,,1960.0,,1.96,,,,,,,,0
22713,2026-01-20 04:28:00,2026-01-19/2026-01-25,FT,terça-feira,FT|terça-feira,1.0,69.0,166.0,Pending,,1740.0,,1.74,,,,,,,,0
22721,2026-01-20 04:45:00,2026-01-19/2026-01-25,FT,terça-feira,FT|terça-feira,1.0,69.0,451.0,Pending,,2100.0,,2.1,,,,,,,,0
22724,2026-01-20 05:02:00,2026-01-19/2026-01-25,FT,terça-feira,FT|terça-feira,1.0,69.0,74.0,Pending,,1675.0,,1.675,,,,,,,,0
22725,2026-01-20 05:06:00,2026-01-19/2026-01-25,FT,terça-feira,FT|terça-feira,1.0,69.0,69.0,Pending,,1724.0,,1.724,,,,,,,,0
22728,2026-01-20 05:17:00,2026-01-19/2026-01-25,FT,terça-feira,FT|terça-feira,1.0,69.0,308.0,Pending,,2090.0,,2.09,,,,,,,,0
22729,2026-01-20 05:33:00,2026-01-19/2026-01-25,FT,terça-feira,FT|terça-feira,1.0,69.0,322.0,Pending,,2050.0,,2.05,,,,,,,,0
22730,2026-01-20 05:34:00,2026-01-19/2026-01-25,FT,terça-feira,FT|terça-feira,1.0,50.0,50.0,Pending,,2300.0,,2.3,,,,,,,,0
22732,2026-01-20 05:40:00,2026-01-19/2026-01-25,FT,terça-feira,FT|terça-feira,1.0,69.0,1601.0,Pending,2.265,1665.0,2.265,1.665,0.6000000000000001,,,,,,,0
22735,2026-01-20 06:02:00,2026-01-19/2026-01-25,FT,terça-feira,FT|terça-feira,1.0,69.0,991.0,Pending,,1841.0,,1.841,,,,,,,,0
22737,2026-01-20 06:18:00,2026-01-19/2026-01-25,FT,terça-feira,FT|terça-feira,1.0,69.0,866.0,Pending,,2120.0,,2.12,,,,,,,,0
22744,2026-01-20 07:03:00,2026-01-19/2026-01-25,FT,terça-feira,FT|terça-feira,1.0,54.0,54.0,Pending,,2030.0,,2.03,,,,,,,,0
22745,2026-01-20 07:06:00,2026-01-19/2026-01-25,FT,terça-feira,FT|terça-feira,1.0,66.0,66.0,Pending,,1923.0,,1.923,,,,,,,,0
22748,2026-01-20 07:32:00,2026-01-19/2026-01-25,FT,terça-feira,FT|terça-feira,1.0,27.0,27.0,Pending,,1917.0,,1.917,,,,,,,,0
22751,2026-01-20 07:45:00,2026-01-19/2026-01-25,FT,terça-feira,FT|terça-feira,1.0,69.0,92.0,Pending,,2571.0,,2.571,,,,,,,,0
22770,2026-01-20 09:00:00,2026-01-19/2026-01-25,FT,terça-feira,FT|terça-feira,1.0,69.0,323.0,Pending,,1990.0,,1.99,,,,,,,,0
22772,2026-01-20 09:19:00,2026-01-19/2026-01-25,FT,terça-feira,FT|terça-feira,1.0,69.0,583.0,Pending,,2271.0,,2.271,,,,,,,,0
22777,2026-01-20 09:31:00,2026-01-19/2026-01-25,FT,terça-feira,FT|terça-feira,1.0,69.0,323.0,Pending,,1923.0,,1.923,,,,,,,,0
