order_id,execution_id,audit_id,trace_id,event_id,event_name,league_id,league_name,competition_id,competition_name,country,created_at_utc,kickoff_utc,policy_id,policy_version,side,period,line,odd_at_decision,odd_final,stake,capacity_final,slippage_pre_pct,pre_submit_ms,call_to_done_ms,place_duration_ms,bookmaker,settlement_status,settlement_ts,pnl,friendly_class,friendly_source,friendly_rule_id,friendly_confidence,clv_post_5m,clv_post_5m_valid_strict,clv_post_15m,clv_post_15m_valid_strict,clv_closing,clv_closing_valid_strict,clv_failure_reason
1931674091,693ee6d7-5471-4b12-bf63-fc763c9906b5,419662,,"2026-07-28,60848,652",Lincoln Red Imps vs Mjällby AIF,,UEFA Champions League,,UEFA Champions League,,2026-07-28T15:30:25.309321+00:00,,H3BUP_vNext,H3BUP_vNext_20260629,away,Pre,3,1.882,1.862,10.0,655.3063,-1.06269925611051,1222.0,5225.0,,pin88,SETTLED_DECIDED,,-9.97,NON_FRIENDLY,league_name,R_NAME_OFFICIAL_DEFAULT,medium,,False,,False,,False,
1932353274,f1918965-9811-4c30-b7f6-0cff33762dad,419935,,"2026-07-28,324,10003088",Shamrock Rovers FC (IRE) vs Ararat Armenia,,UEFA Champions League,,UEFA Champions League,,2026-07-28T17:58:41.861191+00:00,,H3BUP_vNext,H3BUP_vNext_20260629,away,Pre,-4,1.892,1.877,10.0,321.2393,-0.7928118393234621,1129.0,6474.0,,pin88,VOID_PUSH,,0.0,NON_FRIENDLY,league_name,R_NAME_OFFICIAL_DEFAULT,medium,,False,,False,,False,
1933822208,ccd3c23a-ada8-41e4-94f0-a0b23ad674a3,420463,,"2026-07-29,23470,23456",Bogota FC vs Deportivo Pasto,,Colombia Cup,,Colombia Cup,,2026-07-28T23:58:59.009030+00:00,,H3BUP_vNext,H3BUP_vNext_20260629,away,Pre,2,1.98,1.945,10.0,129.5895,-1.7676767676767637,1105.0,3804.0,,punter_io,SETTLED_DECIDED,,9.54,NON_FRIENDLY,league_name,R_NAME_OFFICIAL_DEFAULT,medium,,False,,False,,False,
1934662052,c015f8c4-e10c-466e-9c56-da7b9858555b,420839,,"2026-07-30,1583,1624",CA Bragantino (SP) vs Sporting Cristal,,CONMEBOL Copa Sudamericana,,CONMEBOL Copa Sudamericana,,2026-07-29T04:00:51.513933+00:00,,H3BUP_vNext,H3BUP_vNext_20260629,home,Pre,-6,1.952,1.914,10.0,122.1849,-1.9467213114754116,1261.0,5933.0,,4casters,SETTLED_DECIDED,,-9.99,NON_FRIENDLY,league_name,R_NAME_OFFICIAL_DEFAULT,medium,,False,,False,,False,
1934994839,e8a4c6bd-4eab-448b-b77a-6c6f0b407cbe,421000,,"2026-07-29,23475,29682",Barranquilla FC vs CPD Junior Barranquilla,,Colombia Cup,,Colombia Cup,,2026-07-29T07:51:53.000127+00:00,,H3BUP_vNext,H3BUP_vNext_20260629,home,Pre,3,1.961,1.934,10.0,120.6398,-1.3768485466598743,1115.0,6551.0,,pin88,SETTLED_DECIDED,,9.29,NON_FRIENDLY,league_name,R_NAME_OFFICIAL_DEFAULT,medium,,False,,False,,False,
1935045057,3b615f29-d760-4b2b-ab21-e6e1b891a268,421030,,"2026-07-29,10059479,10088422",Internacional FC de Palmira vs Internacional de Bogotá,,Colombia Cup,,Colombia Cup,,2026-07-29T08:28:28.900981+00:00,,H3BUP_vNext,H3BUP_vNext_20260629,home,Pre,-1,2.038,2.03,10.0,112.7673,-0.39254170755642825,1155.0,5929.0,,pin88,SETTLED_DECIDED,,-9.97,NON_FRIENDLY,league_name,R_NAME_OFFICIAL_DEFAULT,medium,,False,,False,,False,
1935402833,4b3ed54f-455f-4ba9-91f1-241e175d3236,421392,,"2026-07-29,11,70",Bradford City FC vs Preston North End,,Club Friendly,,Club Friendly,,2026-07-29T10:42:41.730156+00:00,,H3BUP_vNext,H3BUP_vNext_20260629,away,Pre,1,2.068,1.94,10.0,502.79,-6.189555125725344,4785.0,9890.0,,sing2,SETTLED_DECIDED,,-9.99,FRIENDLY,league_name,R_CLUB_FRIENDLY,medium,,False,,False,,False,
1935460146,069e7402-86ec-460d-ae61-d7c00b919341,421512,,"2026-07-29,184,305",Real Betis vs Lyon,,Club Friendly,,Club Friendly,,2026-07-29T10:59:25.391071+00:00,,H3BUP_vNext,H3BUP_vNext_20260629,away,Pre,0,2.029,1.99,10.0,113.924,-1.9221291276490846,1223.0,3434.0,,pin88,SETTLED_DECIDED,,-9.99,FRIENDLY,league_name,R_CLUB_FRIENDLY,medium,,False,,False,,False,
1935475500,c80dcf77-36d8-4289-b703-ff79cf38b918,421546,,"2026-07-29,244,1283",US Città di Palermo vs Iraklis FC Thessaloniki,,Club Friendly,,Club Friendly,,2026-07-29T11:04:26.200252+00:00,,H3BUP_vNext,H3BUP_vNext_20260629,away,Pre,-6,1.892,1.821,10.0,173.4944,-3.7526427061310756,1113.0,3720.0,,pmk,SETTLED_DECIDED,,8.11,FRIENDLY,league_name,R_CLUB_FRIENDLY,medium,,False,,False,,False,
1935568718,979a9f1e-faae-49a0-b8b3-cf2a01be91a4,421737,,"2026-07-29,92,229",Watford vs Fiorentina,,Club Friendly,,Club Friendly,,2026-07-29T11:28:10.704022+00:00,,H3BUP_vNext,H3BUP_vNext_20260629,away,Pre,1,1.999,1.92,10.0,502.7673,-3.951975987994006,2214.0,9025.0,,sing2,SETTLED_DECIDED,,9.45,FRIENDLY,league_name,R_CLUB_FRIENDLY,medium,,False,,False,,False,
1935642980,90412878-5f1f-4f03-badb-19989bb2777a,421892,,"2026-07-29,92,229",Watford vs Fiorentina,,Club Friendly,,Club Friendly,,2026-07-29T11:49:35.133640+00:00,,H3BUP_vNext,H3BUP_vNext_20260629,home,Pre,1,1.892,1.833,10.0,112.7562,-3.118393234672302,1679.0,5317.0,,pin88,SETTLED_DECIDED,,-10.0,FRIENDLY,league_name,R_CLUB_FRIENDLY,medium,,False,,False,,False,
1935703108,ed69e9dd-fd5b-4221-9b47-c7db17720fb9,421992,,"2026-07-29,1095,1074",AEK Athens vs Samsunspor,,Club Friendly,,Club Friendly,,2026-07-29T12:11:53.027523+00:00,,H3BUP_vNext,H3BUP_vNext_20260629,home,Pre,-2,1.891,1.788,10.0,185.4641,-5.4468535166578524,1169.0,3625.0,,pmk,SETTLED_DECIDED,,-9.5,FRIENDLY,league_name,R_CLUB_FRIENDLY,medium,,False,,False,,False,
1936401912,ae6e8995-09b2-46f2-820e-998fdd1374cb,422603,,"2026-07-29,1095,1074",AEK Athens vs Samsunspor,,Club Friendly,,Club Friendly,,2026-07-29T15:42:32.181242+00:00,,H3BUP_vNext,H3BUP_vNext_20260629,away,Pre,-1,2.038,1.9,10.0,166.9339,-6.771344455348377,1741.0,5578.0,,pin88,SETTLED_DECIDED,,8.99,FRIENDLY,league_name,R_CLUB_FRIENDLY,medium,,False,,False,,False,
1936596042,2c505171-0932-4281-9607-fce88f2c5a82,423006,,"2026-07-29,545,24042",Valladolid vs CD Coria,,Club Friendly,,Club Friendly,,2026-07-29T16:23:30.244911+00:00,,H3BUP_vNext,H3BUP_vNext_20260629,home,Pre,-4,1.862,1.832,10.0,120.4024,-1.6111707841031164,1806.0,8400.0,,sharp,SETTLED_DECIDED,,7.62,FRIENDLY,league_name,R_CLUB_FRIENDLY,medium,,False,,False,,False,
1936637320,72ce8edc-16bc-4136-bbd8-3149b1b444e2,423077,,"2026-07-29,55602,1139",CS Universitatea Craiova vs PFC Levski Sofia,,UEFA Champions League,,UEFA Champions League,,2026-07-29T16:31:36.841850+00:00,,H3BUP_vNext,H3BUP_vNext_20260629,away,Pre,-1,2.146,2.144,10.0,200.6285,-0.09319664492077259,2010.0,6009.0,,sbo,SETTLED_DECIDED,,5.65,NON_FRIENDLY,league_name,R_NAME_OFFICIAL_DEFAULT,medium,,False,,False,,False,
1936724778,3c774703-01ee-4687-b9f6-9006e03bc7ef,423232,,"2026-07-29,31918,541",Real Sociedad II vs Eibar,,Club Friendly,,Club Friendly,,2026-07-29T16:48:59.271257+00:00,,H3BUP_vNext,H3BUP_vNext_20260629,away,Pre,3,2.009,1.943,10.0,159.5888,-3.2852165256346364,1974.0,4684.0,,pin88,SETTLED_DECIDED,,4.71,FRIENDLY,league_name,R_CLUB_FRIENDLY,medium,,False,,False,,False,
1936750483,d4d9b2c1-cf1f-4cfb-9413-2e6067b8c265,423278,,"2026-07-29,24845,1702",Hapoel Be'er Sheva FC vs KPFG Víkingur Reykjavík,,UEFA Champions League,,UEFA Champions League,,2026-07-29T16:54:59.145778+00:00,,H3BUP_vNext,H3BUP_vNext_20260629,away,Pre,-2,2.146,2.141,10.0,113.781,-0.23299161230195217,1496.0,10230.0,,bf,SETTLED_DECIDED,,-9.97,NON_FRIENDLY,league_name,R_NAME_OFFICIAL_DEFAULT,medium,,False,,False,,False,
1936946893,cee80fe5-e6c9-4c46-9d52-552814779a21,423687,,"2026-07-29,1206,69",Farnborough Town FC vs Portsmouth,,Club Friendly,,Club Friendly,,2026-07-29T17:36:56.610918+00:00,,H3BUP_vNext,H3BUP_vNext_20260629,away,Pre,0,1.882,1.833,10.0,180.574,-2.603613177470772,1287.0,4259.0,,pin88,VOID_PUSH,,0.0,FRIENDLY,league_name,R_CLUB_FRIENDLY,medium,,False,,False,,False,
1936956073,3f937337-ac88-44d7-bfc0-8b767ee9b53f,423707,,"2026-07-29,23624,22197",Real Oviedo CF vs SD Ponferradina,,Club Friendly,,Club Friendly,,2026-07-29T17:39:07.730646+00:00,,H3BUP_vNext,H3BUP_vNext_20260629,away,Pre,-2,2.029,1.964,10.0,182.9493,-3.2035485460818114,1211.0,6793.0,,pmk,SETTLED_DECIDED,,-9.42,FRIENDLY,league_name,R_CLUB_FRIENDLY,medium,,False,,False,,False,
1936961828,15c021aa-925c-4814-8518-7a886894ff9f,423720,,"2026-07-29,23624,22197",Real Oviedo CF vs SD Ponferradina,,Club Friendly,,Club Friendly,,2026-07-29T17:40:31.004337+00:00,,H3BUP_vNext,H3BUP_vNext_20260629,home,Pre,-2,1.901,1.855,10.0,170.2474,-2.4197790636507124,3237.0,8357.0,,pmk,SETTLED_DECIDED,,8.3,FRIENDLY,league_name,R_CLUB_FRIENDLY,medium,,False,,False,,False,
1936963700,91786e1a-c6e6-4b7d-8713-111ac7bcfc18,423728,,"2026-07-29,11,70",Bradford City FC vs Preston North End,,Club Friendly,,Club Friendly,,2026-07-29T17:41:00.541683+00:00,,H3BUP_vNext,H3BUP_vNext_20260629,home,Pre,0,2.087,2.03,10.0,150.4726,-2.731193100143765,1365.0,4133.0,,pin88,SETTLED_DECIDED,,10.29,FRIENDLY,league_name,R_CLUB_FRIENDLY,medium,,False,,False,,False,
1937013393,52af2a52-b0ec-457e-ab0a-11f09db78117,423845,,"2026-07-29,32,97",Doncaster Rovers FC vs Wolves,,Club Friendly,,Club Friendly,,2026-07-29T17:53:08.164033+00:00,,H3BUP_vNext,H3BUP_vNext_20260629,away,Pre,2,1.891,1.869,10.0,216.3118,-1.1634056054997366,1851.0,6488.0,,pin88,SETTLED_DECIDED,,8.68,FRIENDLY,league_name,R_CLUB_FRIENDLY,medium,,False,,False,,False,
1937095091,bfc956ac-c811-4486-924d-3263028160fc,424019,,"2026-07-29,11,70",Bradford City FC vs Preston North End,,Club Friendly,,Club Friendly,,2026-07-29T18:11:51.576684+00:00,,H3BUP_vNext,H3BUP_vNext_20260629,away,Pre,0,1.999,1.98,10.0,153.5032,-0.9504752376188157,1107.0,5567.0,,pin88,SETTLED_DECIDED,,-9.99,FRIENDLY,league_name,R_CLUB_FRIENDLY,medium,,False,,False,,False,
1937669560,b5d383cf-73a6-4a2f-8767-32d52f3ebd6b,424968,,"2026-07-30,39545,1585",Sportivo San Lorenzo vs Club Guaraní,,Paraguay Division 1 (Primera División),,Paraguay Division 1 (Primera División),,2026-07-29T20:18:14.945998+00:00,,H3BUP_vNext,H3BUP_vNext_20260629,home,Pre,1,2.034,2.021,10.0,376.8964,-0.6391347099311653,2036.0,5216.0,,vx,SETTLED_DECIDED,,-9.969999999999999,NON_FRIENDLY,league_name,R_NAME_OFFICIAL_DEFAULT,medium,-0.6391347099311662,True,-0.6391347099311662,True,,False,COLLECTOR_UNAVAILABLE
1937747430,a543555a-c789-40e4-a03a-4054868bb5bd,425031,,"2026-07-29,1621,1620",Club Nacional Asuncion vs Club Olimpia Asunción,,Paraguay Division 1 (Primera División),,Paraguay Division 1 (Primera División),,2026-07-29T20:37:51.486287+00:00,,H3BUP_vNext,H3BUP_vNext_20260629,home,Pre,1,1.98,1.97,10.0,160.45,-0.5050505050505055,1255.0,3456.0,,bf,SETTLED_DECIDED,,9.67,NON_FRIENDLY,league_name,R_NAME_OFFICIAL_DEFAULT,medium,0.4077471967380175,True,0.4077471967380175,True,0.4077471967380175,True,COLLECTOR_UNAVAILABLE
1938082582,c7bcd502-0d20-4e7f-bd95-285c6dfaf6b3,425230,,"2026-07-29,49,98",Liverpool vs Wrexham FC,,Club Friendly,,Club Friendly,,2026-07-29T22:21:51.539665+00:00,,H3BUP_vNext,H3BUP_vNext_20260629,away,Pre,-5,1.97,1.934,10.0,200.1755,-1.8274111675126918,1602.0,3723.0,,pin88,SETTLED_DECIDED,,4.66,FRIENDLY,league_name,R_CLUB_FRIENDLY,medium,,False,,False,,False,COLLECTOR_UNAVAILABLE
1938105954,df416cb6-d65a-48c8-b768-29112c3b5365,425247,,"2026-07-29,49,98",Liverpool vs Wrexham FC,,Club Friendly,,Club Friendly,,2026-07-29T22:30:18.859170+00:00,,H3BUP_vNext,H3BUP_vNext_20260629,away,Pre,-4,2.136,2.069,10.0,107.4047,-3.136704119850195,2283.0,6499.0,,sbo,VOID_PUSH,,0.0,FRIENDLY,league_name,R_CLUB_FRIENDLY,medium,,False,,False,2.4764735017335227,True,COLLECTOR_UNAVAILABLE
1939216476,ebf8e6d4-a334-4148-b915-03c57532014e,425867,,"2026-07-30,23458,23460",Envigado FC vs CD Once Caldas,,Colombia Cup,,Colombia Cup,,2026-07-30T04:00:17.656497+00:00,,H3BUP_vNext,H3BUP_vNext_20260629,away,Pre,1,1.931,1.925,10.0,121.3575,-0.3107198342827553,1213.0,4117.0,,pin88,SETTLED_DECIDED,,9.22,NON_FRIENDLY,league_name,R_NAME_OFFICIAL_DEFAULT,medium,,False,,False,,False,COLLECTOR_UNAVAILABLE
1939218867,284e7669-f1d9-46e4-9f04-752f3a234e3d,425874,,"2026-07-31,900,1155",Ferencvárosi TC vs FC Twente,,UEFA Europa League,,UEFA Europa League,,2026-07-30T04:01:05.202427+00:00,,H3BUP_vNext,H3BUP_vNext_20260629,home,Pre,1,1.862,1.826,10.0,226.5926,-1.9334049409237397,1339.0,6266.0,,pin88,SETTLED_DECIDED,,4.14,NON_FRIENDLY,league_name,R_NAME_OFFICIAL_DEFAULT,medium,-1.9334049409237442,True,-1.9334049409237442,True,-6.358974358974356,True,COLLECTOR_UNAVAILABLE
1939219764,c111deb5-062d-41b8-a802-01b6700baa90,425878,,"2026-07-30,704,10044956",AC Mantova vs ASD Alcione Milano,,Club Friendly,,Club Friendly,,2026-07-30T04:01:06.049221+00:00,,H3BUP_vNext,H3BUP_vNext_20260629,home,Pre,-4,1.892,1.87,10.0,250.5817,-1.162790697674408,14608.0,21845.0,,sing2,SETTLED_DECIDED,,8.67,FRIENDLY,league_name,R_CLUB_FRIENDLY,medium,,False,,False,,False,EVENT_NOT_FOUND
1940422731,58f6f06b-3bed-4720-bf23-edcf06ece08f,427110,,"2026-07-30,1662,1617",Gremio Porto Alegrense (RS) vs Club Bolívar,,CONMEBOL Copa Sudamericana,,CONMEBOL Copa Sudamericana,,2026-07-30T12:55:19.652400+00:00,,H3BUP_vNext,H3BUP_vNext_20260629,home,Pre,-6,1.934,1.932,10.0,172.6994,-0.10341261633919348,1291.0,4323.0,,4casters,SETTLED_DECIDED,,-10.0,NON_FRIENDLY,league_name,R_NAME_OFFICIAL_DEFAULT,medium,,False,,False,-1.0245901639344246,True,COLLECTOR_UNAVAILABLE
1940500788,8116ba90-94ff-42b1-a1ce-8b95bf69efe3,427259,,"2026-07-30,152,288",Parma vs US Arezzo,,Club Friendly,,Club Friendly,,2026-07-30T13:11:38.660147+00:00,,H3BUP_vNext,H3BUP_vNext_20260629,home,Pre,-2,1.917,1.821,10.0,622.0467,-5.007824726134589,1139.0,3923.0,,pmk,SETTLED_DECIDED,,-9.96,FRIENDLY,league_name,R_CLUB_FRIENDLY,medium,,False,,False,-0.27382256297919794,True,COLLECTOR_UNAVAILABLE
1940764690,0b4fa62a-2526-408c-956f-18a7e4fd36f1,427482,,"2026-07-30,152,288",Parma vs US Arezzo,,Club Friendly,,Club Friendly,,2026-07-30T14:38:35.945217+00:00,,H3BUP_vNext,H3BUP_vNext_20260629,away,Pre,-3,1.852,1.694,10.0,214.3948,-8.531317494600438,1296.0,4021.0,,pin88,SETTLED_DECIDED,,8.17,FRIENDLY,league_name,R_CLUB_FRIENDLY,medium,-8.531317494600444,True,-12.0,True,-13.2172131147541,True,
1941014331,de79b04c-55f6-44c9-84a9-18e9cf6e070c,427726,,"2026-07-31,919,522",RSC Anderlecht vs Hammarby IF,,UEFA Europa League,,UEFA Europa League,,2026-07-30T15:52:08.669363+00:00,,H3BUP_vNext,H3BUP_vNext_20260629,away,Pre,0,2.136,2.127,10.0,693.074,-0.42134831460675753,1217.0,4757.0,,bf,SETTLED_DECIDED,,-9.96,NON_FRIENDLY,league_name,R_NAME_OFFICIAL_DEFAULT,medium,0.4723665564478008,True,0.4723665564478008,True,-1.345083487940646,True,
1941229018,462f2b38-1b4a-477b-a00b-dc511be0e54b,427935,,"2026-07-31,340,1049",FC Midtjylland vs Beşiktaş JK,,UEFA Europa League,,UEFA Europa League,,2026-07-30T16:32:37.624430+00:00,,H3BUP_vNext,H3BUP_vNext_20260629,home,Pre,-1,1.882,1.858,10.0,290.6021,-1.2752391073326141,1143.0,6983.0,,bf,SETTLED_DECIDED,,-9.97,NON_FRIENDLY,league_name,R_NAME_OFFICIAL_DEFAULT,medium,-0.21482277121375182,True,-0.21482277121375182,True,-2.210526315789463,True,
1941951294,43e3f54e-f24f-4b2e-b9c7-32aadfcb4932,428948,,"2026-07-31,918,277",SL Benfica vs FC St Gallen 1879,,UEFA Europa League,,UEFA Europa League,,2026-07-30T18:52:55.667926+00:00,,H3BUP_vNext,H3BUP_vNext_20260629,away,Pre,-10,1.884,1.854,10.0,1954.4733,-1.5923566878980788,1434.0,6265.0,,pin88,SETTLED_DECIDED,,-9.97,NON_FRIENDLY,league_name,R_NAME_OFFICIAL_DEFAULT,medium,-2.0084566596194398,True,,False,-2.0084566596194398,True,
1942404454,4ed576f6-0b38-4493-8fc8-98cb3abdd476,429263,,"2026-08-01,33704,52173",Manta FC vs Mushuc Runa SC,,Ecuador Serie A (Copa Pilsener),,Ecuador Serie A (Copa Pilsener),,2026-07-30T20:31:06.446705+00:00,,H3BUP_vNext,H3BUP_vNext_20260629,away,Pre,1,2.107,2.096,10.0,203.11,-0.5220692928334181,1355.0,6765.0,,bf,OPEN,,,NON_FRIENDLY,league_name,R_NAME_OFFICIAL_DEFAULT,medium,,False,,False,,False,COLLECTOR_UNAVAILABLE
1942475356,7f8d6e88-ab5f-43c7-8a69-518a9c06aaa4,429324,,"2026-07-31,1162,95",Southport FC vs Wigan Athletic,,Club Friendly,,Club Friendly,,2026-07-30T20:54:20.976500+00:00,,H3BUP_vNext,H3BUP_vNext_20260629,away,Pre,2,1.921,1.258,10.0,108.5442,-34.51327433628319,1168.0,5332.0,,pmk,SETTLED_DECIDED,,-9.53,FRIENDLY,league_name,R_CLUB_FRIENDLY,medium,,False,,False,,False,COLLECTOR_UNAVAILABLE
1942567698,1514f234-5146-4aa3-8a5a-225cffb0e038,429410,,"2026-07-31,188,1467",Albacete Balompié vs Real Madrid Castilla CF,,Club Friendly,,Club Friendly,,2026-07-30T21:29:51.104449+00:00,,H3BUP_vNext,H3BUP_vNext_20260629,away,Pre,-2,1.872,1.566,10.0,474.03,-16.34615384615385,1600.0,4005.0,,pmk,SETTLED_DECIDED,,5.42,FRIENDLY,league_name,R_CLUB_FRIENDLY,medium,,False,,False,,False,COLLECTOR_UNAVAILABLE
1942652925,9a8c170d-9c31-431e-b542-452398f0fc94,429474,,"2026-07-31,188,1467",Albacete Balompié vs Real Madrid Castilla CF,,Club Friendly,,Club Friendly,,2026-07-30T21:59:57.502808+00:00,,H3BUP_vNext,H3BUP_vNext_20260629,home,Pre,-2,1.999,1.757,10.0,211.2792,-12.106053026513267,1952.0,6504.0,,pmk,SETTLED_DECIDED,,-9.67,FRIENDLY,league_name,R_CLUB_FRIENDLY,medium,,False,,False,,False,COLLECTOR_UNAVAILABLE
1942723628,a1109a4e-d1ac-4348-9461-ae791e6d2718,429537,,"2026-07-30,85,45",Sunderland FC vs Leeds United FC,,Club Friendly,,Club Friendly,,2026-07-30T22:22:13.645620+00:00,,H3BUP_vNext,H3BUP_vNext_20260629,away,Pre,1,2.087,2.058,10.0,216.7502,-1.3895543842836777,1456.0,5156.0,,sbo,SETTLED_DECIDED,,10.52,FRIENDLY,league_name,R_CLUB_FRIENDLY,medium,,False,,False,,False,COLLECTOR_UNAVAILABLE
1943764169,edb8a4b5-d264-4e2f-a9e5-11e4f07afd08,430268,,"2026-07-31,117,140",Dundee United FC vs Rangers,,Scotland Premier League,,Scotland Premier League,,2026-07-31T04:03:05.022825+00:00,,H3BUP_vNext,H3BUP_vNext_20260629,away,Pre,4,1.877,1.854,10.0,261.0043,-1.2253596164091587,1230.0,6718.0,,pin88,SETTLED_DECIDED,,-9.989999999999998,NON_FRIENDLY,league_name,R_NAME_OFFICIAL_DEFAULT,medium,-1.2253596164091607,True,-1.2253596164091607,True,,False,SOURCE_MISSING
1944070635,e5cd24cc-e944-44ec-9c22-cef5717ee072,430672,,"2026-08-02,38271,10018754",Minnesota United FC vs San Diego FC,,USA Major League Soccer,,USA Major League Soccer,,2026-07-31T06:50:55.692565+00:00,,H3BUP_vNext,H3BUP_vNext_20260629,home,Pre,-2,2.038,2.03,10.0,399.7381,-0.39254170755642825,1596.0,5695.0,,pin88,OPEN,,,NON_FRIENDLY,league_name,R_NAME_OFFICIAL_DEFAULT,medium,-0.39254170755642637,True,-0.39254170755642637,True,,False,
1944073458,1fd2647a-1a17-4da6-9ea4-6a8389d8b442,430677,,"2026-07-31,1681,62",Portimonense SC vs Nottingham Forest,,Club Friendly,,Club Friendly,,2026-07-31T06:52:11.139942+00:00,,H3BUP_vNext,H3BUP_vNext_20260629,home,Pre,3,2.048,1.917,10.0,162.124,-6.396484375,1096.0,5909.0,,pin88,SETTLED_DECIDED,,-5.0,FRIENDLY,league_name,R_CLUB_FRIENDLY,medium,,False,,False,,False,LINE_NOT_FOUND
1944107326,9dc91c30-3a10-4e5d-8fbf-0160d5740a0e,430741,,"2026-08-05,1077,305",AC Sparta Praha vs Lyon,,UEFA Champions League,,UEFA Champions League,,2026-07-31T07:10:16.138452+00:00,,H3BUP_vNext,H3BUP_vNext_20260629,away,Pre,1,2.0,1.961,10.0,195.023,-1.9499999999999962,1123.0,4041.0,,pin88,OPEN,,,NON_FRIENDLY,league_name,R_NAME_OFFICIAL_DEFAULT,medium,6.576086956521743,True,6.576086956521743,True,,False,
1944200090,1d08a067-4f2e-4522-bbbe-2ef3ee72041c,430896,,"2026-08-01,23565,200",FC de Paris vs VfB Stuttgart 1893,,Club Friendly,,Club Friendly,,2026-07-31T07:55:50.794740+00:00,,H3BUP_vNext,H3BUP_vNext_20260629,home,Pre,3,1.862,1.821,10.0,125.5144,-2.2019334049409314,1082.0,5029.0,,bdaq,OPEN,,,FRIENDLY,league_name,R_CLUB_FRIENDLY,medium,,False,,False,,False,EVENT_NOT_FOUND
1944224455,33a6e317-9bb3-4674-8f67-a32e0b132c1e,430941,,"2026-08-05,652,21661",Mjällby AIF vs ŠK Slovan Bratislava,,UEFA Champions League,,UEFA Champions League,,2026-07-31T08:08:26.607422+00:00,,H3BUP_vNext,H3BUP_vNext_20260629,away,Pre,-2,1.85,1.847,10.0,219.2432,-0.16216216216216828,1899.0,7770.0,,pin88,OPEN,,,NON_FRIENDLY,league_name,R_NAME_OFFICIAL_DEFAULT,medium,-0.1621621621621716,True,-0.1621621621621716,True,,False,LINE_NOT_FOUND
1944274539,4f41a8d9-aa67-47ef-b393-9a824b37aa87,431058,,"2026-07-31,188,1467",Albacete Balompié vs Real Madrid Castilla CF,,Club Friendly,,Club Friendly,,2026-07-31T08:35:30.814220+00:00,,H3BUP_vNext,H3BUP_vNext_20260629,away,Pre,-1,1.989,1.98,10.0,151.6967,-0.45248868778281137,1117.0,6135.0,,pin88,SETTLED_DECIDED,,9.79,FRIENDLY,league_name,R_CLUB_FRIENDLY,medium,3.071317022384168,True,3.071317022384168,True,4.706504494976205,True,LINE_NOT_FOUND
1944282514,3756540c-74f5-4baa-9f13-165528bcd3a1,431075,,"2026-07-31,188,1467",Albacete Balompié vs Real Madrid Castilla CF,,Club Friendly,,Club Friendly,,2026-07-31T08:39:35.818529+00:00,,H3BUP_vNext,H3BUP_vNext_20260629,home,Pre,-1,1.98,1.943,10.0,157.6488,-1.8686868686868647,1461.0,7910.0,,pin88,SETTLED_DECIDED,,-9.99,FRIENDLY,league_name,R_CLUB_FRIENDLY,medium,-1.3705583756345119,True,-2.801400700350176,True,-5.126953125,True,
1944282834,77f8cdb5-772f-49cf-b756-f4c28b8eeede,431076,,"2026-08-02,26819,26822",Portland Timbers vs Seattle Sounders,,USA Major League Soccer,,USA Major League Soccer,,2026-07-31T08:39:41.009783+00:00,,H3BUP_vNext,H3BUP_vNext_20260629,away,Pre,-1,2.087,2.08,10.0,399.6886,-0.33540967896502716,5766.0,11524.0,,pin88,OPEN,,,NON_FRIENDLY,league_name,R_NAME_OFFICIAL_DEFAULT,medium,,False,,False,,False,LINE_NOT_FOUND
1944284968,c8add41a-1103-4bbf-ac77-44d94f225aa4,431080,,"2026-08-01,122,143",Falkirk FC vs St Mirren,,Scotland Premier League,,Scotland Premier League,,2026-07-31T08:40:49.577917+00:00,,H3BUP_vNext,H3BUP_vNext_20260629,away,Pre,-2,1.872,1.87,10.0,147.6747,-0.10683760683760693,1349.0,7726.0,,bdaq,OPEN,,,NON_FRIENDLY,league_name,R_NAME_OFFICIAL_DEFAULT,medium,,False,,False,,False,LINE_NOT_FOUND
1944320971,b5ac9929-a822-4b37-8c38-cd0e01e55b7e,431152,,"2026-07-31,154,62",Sporting CP vs Nottingham Forest,,Club Friendly,,Club Friendly,,2026-07-31T08:57:44.794772+00:00,,H3BUP_vNext,H3BUP_vNext_20260629,away,Pre,-2,1.883,1.877,10.0,127.1604,-0.3186404673393524,1145.0,4067.0,,pin88,SETTLED_DECIDED,,-9.99,FRIENDLY,league_name,R_CLUB_FRIENDLY,medium,-0.31864046733934837,True,-0.31864046733934837,True,,False,LINE_NOT_FOUND
1944357831,f835f0ef-1c10-4e6c-9a75-625a51404741,431235,,"2026-07-31,316,25500",SM Caen vs FC Dieppe,,Club Friendly,,Club Friendly,,2026-07-31T09:13:46.483891+00:00,,H3BUP_vNext,H3BUP_vNext_20260629,home,Pre,-2,1.852,1.819,10.0,181.3606,-1.781857451403895,1700.0,4803.0,,pin88,SETTLED_DECIDED,,-9.99,FRIENDLY,league_name,R_CLUB_FRIENDLY,medium,-1.7818574514038898,True,-5.3097345132743445,True,-9.905894006934135,True,LINE_NOT_FOUND
1944367645,ed194381-bf74-4ccf-8b5e-97e5e6f25103,431258,,"2026-08-02,613,10048051",Chicago Fire vs Charlotte FC,,USA Major League Soccer,,USA Major League Soccer,,2026-07-31T09:18:11.813884+00:00,,H3BUP_vNext,H3BUP_vNext_20260629,home,Pre,-4,1.921,1.909,10.0,439.4737,-0.6246746486205107,1289.0,4063.0,,pin88,OPEN,,,NON_FRIENDLY,league_name,R_NAME_OFFICIAL_DEFAULT,medium,,False,,False,,False,LINE_NOT_FOUND
1944546142,1b26de77-40bf-456b-9a3b-01af66ec244c,431611,,"2026-07-31,117,140",Dundee United FC vs Rangers,,Scotland Premier League,,Scotland Premier League,,2026-07-31T10:32:01.894481+00:00,,H3BUP_vNext,H3BUP_vNext_20260629,home,Pre,4,1.952,1.934,10.0,395.4303,-0.9221311475409845,3224.0,6408.0,,vx,SETTLED_DECIDED,,9.37,NON_FRIENDLY,league_name,R_NAME_OFFICIAL_DEFAULT,medium,,False,,False,,False,LINE_NOT_FOUND
1944779981,2b4c4f12-c90c-4343-affc-52bf810092ad,431861,,"2026-08-02,26819,26822",Portland Timbers vs Seattle Sounders,,USA Major League Soccer,,USA Major League Soccer,,2026-07-31T11:38:14.624914+00:00,,H3BUP_vNext,H3BUP_vNext_20260629,home,Pre,-1,1.952,1.934,10.0,427.6588,-0.9221311475409845,2460.0,6038.0,,pin88,OPEN,,,NON_FRIENDLY,league_name,R_NAME_OFFICIAL_DEFAULT,medium,,False,,False,,False,LINE_NOT_FOUND
1945088020,32db45f3-0c5b-4dbe-9c59-6e1895737fab,432123,,"2026-08-01,26818,650",CF Montreal vs New England Revolution,,USA Major League Soccer,,USA Major League Soccer,,2026-07-31T13:20:14.694693+00:00,,H3BUP_vNext,H3BUP_vNext_20260629,away,Pre,-1,1.95,1.937,10.0,175.9016,-0.6666666666666616,1084.0,4432.0,,sharp,OPEN,,,NON_FRIENDLY,league_name,R_NAME_OFFICIAL_DEFAULT,medium,,False,,False,,False,LINE_NOT_FOUND
1945095375,6b71ef79-f495-4ad6-ad9e-a12eaebc3094,432133,,"2026-08-01,26818,650",CF Montreal vs New England Revolution,,USA Major League Soccer,,USA Major League Soccer,,2026-07-31T13:22:37.480544+00:00,,H3BUP_vNext,H3BUP_vNext_20260629,home,Pre,-1,2.0,1.917,10.0,588.9333,-4.149999999999999,1098.0,3997.0,,pin88,OPEN,,,NON_FRIENDLY,league_name,R_NAME_OFFICIAL_DEFAULT,medium,,False,,False,,False,LINE_NOT_FOUND
1945242424,baa8729c-d4d7-468d-a59c-691775574d7b,432319,,"2026-08-05,1077,305",AC Sparta Praha vs Lyon,,UEFA Champions League,,UEFA Champions League,,2026-07-31T14:09:54.368546+00:00,,H3BUP_vNext,H3BUP_vNext_20260629,home,Pre,1,1.97,1.952,10.0,195.4466,-0.9137055837563459,1227.0,8713.0,,pin88,OPEN,,,NON_FRIENDLY,league_name,R_NAME_OFFICIAL_DEFAULT,medium,-0.9137055837563413,True,-0.9137055837563413,True,,False,LINE_NOT_FOUND
1945242553,5bca39f1-39ec-4059-99f9-294aaf15ebbb,432320,,"2026-08-05,1734,77444",Dinamo Zagreb vs Kauno Zalgiris,,UEFA Champions League,,UEFA Champions League,,2026-07-31T14:09:54.536503+00:00,,H3BUP_vNext,H3BUP_vNext_20260629,home,Pre,-8,2.03,1.952,10.0,195.4466,-3.842364532019697,2406.0,11406.0,,pin88,OPEN,,,NON_FRIENDLY,league_name,R_NAME_OFFICIAL_DEFAULT,medium,-3.842364532019693,True,-3.842364532019693,True,,False,LINE_NOT_FOUND
1945663746,c5e1f7c0-929c-4494-ac43-13d70c33473f,432679,,"2026-07-31,1072,31238",Caykur Rizespor vs Abha,,Club Friendly,,Club Friendly,,2026-07-31T15:45:40.272549+00:00,,H3BUP_vNext,H3BUP_vNext_20260629,away,Pre,-4,2.068,2.06,10.0,149.0438,-0.386847195357834,1103.0,4325.0,,pin88,SETTLED_DECIDED,,10.59,FRIENDLY,league_name,R_CLUB_FRIENDLY,medium,,False,,False,,False,LINE_NOT_FOUND
1945937956,8d5549bb-ab84-4f3e-a43c-82a914adc578,432994,,"2026-07-31,77,25",Scunthorpe United FC vs Chesterfield FC,,Club Friendly,,Club Friendly,,2026-07-31T16:38:18.194000+00:00,,H3BUP_vNext,H3BUP_vNext_20260629,away,Pre,2,2.019,1.99,10.0,248.6324,-1.436354631005455,2027.0,4988.0,,sing2,VOID_PUSH,,0.0,FRIENDLY,league_name,R_CLUB_FRIENDLY,medium,,False,,False,,False,LINE_NOT_FOUND
1945975118,51234feb-2915-4dab-b7a0-dc8e793389c2,433047,,"2026-07-31,1576,856",Fortuna Sittard Combinatie vs APOEL Nicosia,,Club Friendly,,Club Friendly,,2026-07-31T16:45:08.400945+00:00,,H3BUP_vNext,H3BUP_vNext_20260629,away,Pre,-1,2.058,1.97,10.0,153.6247,-4.2759961127308,1836.0,5746.0,,pin88,SETTLED_DECIDED,,-9.99,FRIENDLY,league_name,R_CLUB_FRIENDLY,medium,,False,,False,,False,LINE_NOT_FOUND
1946083771,e4919525-49d0-429c-9102-4ae25e08abeb,433242,,"2026-08-06,918,126",SL Benfica vs Hearts,,UEFA Europa League,,UEFA Europa League,,2026-07-31T17:06:08.101384+00:00,,H3BUP_vNext,H3BUP_vNext_20260629,home,Pre,-7,1.961,1.952,10.0,195.7933,-0.45894951555329516,1242.0,6533.0,,pin88,OPEN,,,NON_FRIENDLY,league_name,R_NAME_OFFICIAL_DEFAULT,medium,3.1712473572938826,True,2.736842105263171,True,,False,
1946087546,a628e073-a15a-4ff8-aeab-d6cccd1aaed3,433257,,"2026-07-31,54,31",Mansfield Town vs Derby County,,Club Friendly,,Club Friendly,,2026-07-31T17:06:53.210571+00:00,,H3BUP_vNext,H3BUP_vNext_20260629,home,Pre,-2,2.019,1.926,10.0,1928.2165,-4.606240713224378,2066.0,9478.0,,pmk,SETTLED_DECIDED,,-9.86,FRIENDLY,league_name,R_CLUB_FRIENDLY,medium,,False,,False,,False,LINE_NOT_FOUND
1946336513,a5ce317f-6636-418f-aae2-c601403767bc,433774,,"2026-07-31,1125,49620",Altrincham FC vs Manchester United FC U21,,Club Friendly,,Club Friendly,,2026-07-31T17:52:58.190513+00:00,,H3BUP_vNext,H3BUP_vNext_20260629,home,Pre,1,1.98,1.934,10.0,158.9257,-2.3232323232323253,1623.0,4198.0,,pin88,SETTLED_DECIDED,,9.34,FRIENDLY,league_name,R_CLUB_FRIENDLY,medium,,False,,False,,False,LINE_NOT_FOUND
1946375329,b1056b11-9316-46c1-bbdb-d998153700a2,433858,,"2026-07-31,1131,72",Crawley Town vs Reading,,Club Friendly,,Club Friendly,,2026-07-31T18:00:32.623430+00:00,,H3BUP_vNext,H3BUP_vNext_20260629,away,Pre,2,2.009,1.926,10.0,163.5864,-4.131408661025384,1437.0,4569.0,,pmk,SETTLED_DECIDED,,9.13,FRIENDLY,league_name,R_CLUB_FRIENDLY,medium,,False,,False,,False,LINE_NOT_FOUND
1946470238,31fead9a-2f45-4d5f-a0a8-679015e5d886,434061,,"2026-07-31,154,62",Sporting CP vs Nottingham Forest,,Club Friendly,,Club Friendly,,2026-07-31T18:18:26.108905+00:00,,H3BUP_vNext,H3BUP_vNext_20260629,home,Pre,-1,1.892,1.787,10.0,470.9395,-5.54968287526427,1267.0,6593.0,,pin88,SETTLED_DECIDED,,7.87,FRIENDLY,league_name,R_CLUB_FRIENDLY,medium,,False,,False,,False,LINE_NOT_FOUND
1946512460,500be803-fdc7-41bc-bb94-e3edd1deb243,434150,,"2026-07-31,1705,71",Bromley FC vs Queens Park Rangers,,Club Friendly,,Club Friendly,,2026-07-31T18:26:40.685303+00:00,,H3BUP_vNext,H3BUP_vNext_20260629,home,Pre,4,1.852,1.775,10.0,191.3389,-4.157667386609081,1101.0,6243.0,,pin88,SETTLED_DECIDED,,-9.98,FRIENDLY,league_name,R_CLUB_FRIENDLY,medium,,False,,False,,False,LINE_NOT_FOUND
1946584372,f695ecb9-a577-49e3-a44b-f7034234be41,434309,,"2026-07-31,29,10062448",Crystal Palace vs Al-Ula FC,,Club Friendly,,Club Friendly,,2026-07-31T18:39:44.913760+00:00,,H3BUP_vNext,H3BUP_vNext_20260629,home,Pre,-10,2.058,2.04,10.0,148.3249,-0.8746355685131096,1090.0,7270.0,,pin88,SETTLED_DECIDED,,-10.0,FRIENDLY,league_name,R_CLUB_FRIENDLY,medium,,False,,False,,False,LINE_NOT_FOUND
1947151721,3dc3da3c-b12b-43ea-b820-1e5822abd3e1,435208,,"2026-08-03,111,116",Celtic vs Dundee FC,,Scotland Premier League,,Scotland Premier League,,2026-07-31T20:28:45.253987+00:00,,H3BUP_vNext,H3BUP_vNext_20260629,away,Pre,-8,1.94,1.934,10.0,178.6459,-0.3092783505154642,1133.0,4066.0,,pin88,OPEN,,,NON_FRIENDLY,league_name,R_NAME_OFFICIAL_DEFAULT,medium,-0.3092783505154628,True,-0.3092783505154628,True,,False,
1947819383,f162349f-03b6-4643-a57b-81ddb8e420b9,435704,,"2026-08-01,10021073,557",Inter Miami vs Columbus Crew,,USA Major League Soccer,,USA Major League Soccer,,2026-07-31T23:33:59.315652+00:00,,H3BUP_vNext,H3BUP_vNext_20260629,home,Pre,-4,2.06,2.04,10.0,537.794,-0.9708737864077678,1262.0,4391.0,,pin88,OPEN,,,NON_FRIENDLY,league_name,R_NAME_OFFICIAL_DEFAULT,medium,-0.9708737864077666,True,-0.9708737864077666,True,,False,
1947965644,c895aafe-e38b-4846-bfa2-990d6ee81cba,435808,,"2026-08-01,37844,29824",Universidad Católica del Ecuador vs CD Técnico Universitario,,Ecuador Serie A (Copa Pilsener),,Ecuador Serie A (Copa Pilsener),,2026-08-01T00:08:07.266202+00:00,,H3BUP_vNext,H3BUP_vNext_20260629,away,Pre,-5,1.864,1.854,10.0,173.5544,-0.5364806866952794,4813.0,7810.0,,pin88,OPEN,,,NON_FRIENDLY,league_name,R_NAME_OFFICIAL_DEFAULT,medium,,False,,False,,False,LINE_NOT_FOUND
1948212197,7ddd51f1-cd5a-42f2-b001-bcfedbff3309,436030,,"2026-08-01,10021073,557",Inter Miami vs Columbus Crew,,USA Major League Soccer,,USA Major League Soccer,,2026-08-01T01:19:47.677977+00:00,,H3BUP_vNext,H3BUP_vNext_20260629,away,Pre,-4,1.872,1.863,10.0,143.25,-0.4807692307692371,8867.0,12106.0,,bf,OPEN,,,NON_FRIENDLY,league_name,R_NAME_OFFICIAL_DEFAULT,medium,-0.48076923076924016,True,,False,,False,
